lat,lon,kind,cls,prec,fish,date,season,sector,dist,zone,title,comment,depth,method,catch,src,url,orig,sid
60.298663,32.408142,fishing,B,30,Судак,2017-07-11,open_water,Вороново,22.6,core,Вороново,Публичная геометка рыболовного отчёта FisherMap. Ладожское озеро.,,,,FisherMap,https://ru.fishermap.org/location/934/,https://vk.com/wall-30527635_9236,934
60.193632,32.171358,fishing,B,30,Щука; Окунь,2016-01-09,ice,Креницы / Волховская губа,12.1,core,Креницы / Волховская губа,Публичная геометка рыболовного отчёта FisherMap. Ладожское озеро.,,,,FisherMap,https://ru.fishermap.org/location/939/,https://vk.com/wall-30527635_3351,939
60.311449,32.587162,fishing,B,30,Плотва,2019-03-02,ice,Вороново,28.2,core,Вороново,Публичная геометка рыболовного отчёта FisherMap. Ладожское озеро.,,,,FisherMap,https://ru.fishermap.org/location/2229/,https://vk.com/wall-13425667_25029,2229
59.972784,31.53913,fishing,B,30,Окунь,2018-12-18,,Кобона / южный берег,44.4,core,Кобона / южный берег,Публичная геометка рыболовного отчёта FisherMap. Ладожское озеро.,,,,FisherMap,https://ru.fishermap.org/location/2236/,https://vk.com/wall-13425667_23671,2236
60.227002,32.135144,fishing,B,30,Окунь,2018-03-28,ice,о. Птинов,16.3,core,о. Птинов,Публичная геометка рыболовного отчёта FisherMap. Ладожское озеро. Предыдущий массив: Окунь (FisherMap).,,,,FisherMap,https://ru.fishermap.org/location/2248/,https://vk.com/wall-13425667_21014,2248
60.46125,32.795655,fishing,B,30,Щука,2017-12-24,,Свирица / Загубская губа,48.4,core,Свирица / Загубская губа,Публичная геометка рыболовного отчёта FisherMap. Загубская губа без речной привязки.,,,,FisherMap,https://ru.fishermap.org/location/2252/,https://vk.com/wall-13425667_19287,2252
60.465314,32.805344,fishing,B,30,Щука,2017-12-22,,Свирица / Загубская губа,49.1,core,Свирица / Загубская губа,Публичная геометка рыболовного отчёта FisherMap. Загубская губа без речной привязки.,,,,FisherMap,https://ru.fishermap.org/location/2265/,https://vk.com/wall-13425667_19264,2265
60.241982,31.949552,fishing,B,30,Окунь,2017-02-13,ice,Дубно,24.5,core,Дубно,Публичная геометка рыболовного отчёта FisherMap. Ладожское озеро.,,,,FisherMap,https://ru.fishermap.org/location/2268/,https://vk.com/wall-13425667_16219,2268
60.246687,32.003599,fishing,B,30,Окунь,2017-01-24,ice,Дубно,22.6,core,Дубно,Публичная геометка рыболовного отчёта FisherMap. Ладожское озеро.,,,,FisherMap,https://ru.fishermap.org/location/2269/,https://vk.com/wall-13425667_15749,2269
60.512406,32.714954,fishing,B,30,Окунь,2016-02-28,ice,Свирская губа / устье Свири,51.0,core,Свирица / Загубская губа,Публичная геометка рыболовного отчёта FisherMap. Ладожское озеро.,,,,FisherMap,https://ru.fishermap.org/location/2277/,https://vk.com/wall-13425667_11268,2277
60.333406,32.599869,fishing,B,30,Плотва,2018-01-28,ice,Вороново,30.6,core,Вороново,Публичная геометка рыболовного отчёта FisherMap. Ладожское озеро.,,,,FisherMap,https://ru.fishermap.org/location/2379/,https://vk.com/wall-13425667_19922,2379
60.171751,32.203801,fishing,B,30,Плотва,2017-01-14,ice,Креницы / Волховская губа,9.1,core,Креницы / Волховская губа,Публичная геометка рыболовного отчёта FisherMap. Ладожское озеро.,,,,FisherMap,https://ru.fishermap.org/location/2388/,https://vk.com/wall-13425667_15581,2388
60.159002,32.22014,fishing,B,30,Окунь,2017-01-12,ice,Креницы / Волховская губа,7.4,core,Креницы / Волховская губа,Публичная геометка рыболовного отчёта FisherMap. Ладожское озеро.,,,,FisherMap,https://ru.fishermap.org/location/2389/,https://vk.com/wall-13425667_15530,2389
60.305559,32.590264,fishing,B,30,Окунь; Плотва,2017-01-10,ice,Вороново,27.8,core,Вороново,Публичная геометка рыболовного отчёта FisherMap. Ладожское озеро.,,,,FisherMap,https://ru.fishermap.org/location/2390/,https://vk.com/wall-13425667_15481,2390
60.310807,32.591105,fishing,B,30,Густера; Плотва,2017-03-02,ice,Вороново,28.3,core,Вороново,Публичная геометка рыболовного отчёта FisherMap. Ладожское озеро.,,,,FisherMap,https://ru.fishermap.org/location/2401/,https://vk.com/wall-13425667_16537,2401
60.205171,32.179475,fishing,B,30,Плотва,2017-02-06,ice,"Волховская губа, центр",12.9,core,Креницы / Волховская губа,Публичная геометка рыболовного отчёта FisherMap. Ладожское озеро.,,,,FisherMap,https://ru.fishermap.org/location/2402/,https://vk.com/wall-13425667_16097,2402
60.274365,32.62844,fishing,B,30,Плотва,2019-04-30,,Вороново,26.5,core,Вороново,Публичная геометка рыболовного отчёта FisherMap. Ладожское озеро.,,,,FisherMap,https://ru.fishermap.org/location/2485/,https://vk.com/wall-13425667_26064,2485
60.081226,32.323061,fishing,B,30,Окунь,2018-06-13,open_water,Нижний Волхов,3.0,core,Нижний Волхов,Публичная геометка рыболовного отчёта FisherMap. нижний Волхов.,,,,FisherMap,https://ru.fishermap.org/location/2851/,https://vk.com/wall-52390696_2848,2851
59.964667,31.525056,fishing,B,30,Окунь,2018-02-18,ice,Кобона / южный берег,45.4,core,Кобона / южный берег,Публичная геометка рыболовного отчёта FisherMap. Ладожское озеро.,,,,FisherMap,https://ru.fishermap.org/location/2879/,https://vk.com/wall-52390696_187,2879
60.073141,32.332707,fishing,B,30,Жерех,2017-07-09,open_water,Нижний Волхов,4.0,core,Нижний Волхов,Публичная геометка рыболовного отчёта FisherMap. нижний Волхов.,,,,FisherMap,https://ru.fishermap.org/location/2909/,https://vk.com/wall-62669564_10889,2909
60.131645,31.609533,fishing,B,30,Густера; Краснопёрка; Плотва,2019-05-20,open_water,Кобона / южный берег,38.0,core,Шлиссельбург / бухта Петрокрепость,Публичная геометка рыболовного отчёта FisherMap. Ладожское озеро.,,,,FisherMap,https://ru.fishermap.org/location/3551/,https://vk.com/wall-1707795_15138,3551
60.239054,32.136795,fishing,B,30,Густера; Окунь; Плотва,2019-03-17,ice,о. Птинов,17.4,core,о. Птинов,"Публичная геометка рыболовного отчёта FisherMap. Ладожское озеро. Предыдущий массив: Густера, окунь, плотва (FisherMap).",,,,FisherMap,https://ru.fishermap.org/location/5608/,https://vk.com/wall-78808262_92870,5608
60.050132,31.407762,fishing,B,30,Плотва,2018-02-16,ice,Кобона / южный берег,49.5,core,Кобона / южный берег,Публичная геометка рыболовного отчёта FisherMap. Ладожское озеро.,,,,FisherMap,https://ru.fishermap.org/location/5622/,https://vk.com/wall-78808262_88179,5622
60.150018,32.297909,fishing,B,30,Плотва,2018-03-17,ice,Креницы / Волховская губа,5.2,core,Креницы / Волховская губа,Публичная геометка рыболовного отчёта FisherMap. Ладожское озеро.,,,,FisherMap,https://ru.fishermap.org/location/5625/,https://vk.com/wall-78808262_88911,5625
60.140461,31.615558,fishing,B,30,Плотва,2017-05-04,open_water,Кобона / южный берег,37.8,core,Шлиссельбург / бухта Петрокрепость,Публичная геометка рыболовного отчёта FisherMap. целевая прибрежная зона; водоём в метаданных не указан.,,,,FisherMap,https://ru.fishermap.org/location/5636/,https://vk.com/wall-78808262_82407,5636
60.271413,31.949505,fishing,B,30,Судак,2014-06-02,open_water,Дубно,26.7,core,Дубно,Публичная геометка рыболовного отчёта FisherMap. Ладожское озеро.,,,,FisherMap,https://ru.fishermap.org/location/6144/,https://vk.com/wall-1707795_1937,6144
59.987311,31.438751,fishing,B,30,Окунь,2014-02-05,ice,Кобона / южный берег,49.2,core,Кобона / южный берег,Публичная геометка рыболовного отчёта FisherMap. Ладожское озеро.,,,,FisherMap,https://ru.fishermap.org/location/6146/,https://vk.com/wall-1707795_1758,6146
59.910907,31.480048,fishing,B,30,Окунь,2014-01-12,ice,Кобона / южный берег,50.1,core,Кобона / южный берег,Публичная геометка рыболовного отчёта FisherMap. Ладожское озеро.,,,,FisherMap,https://ru.fishermap.org/location/6148/,https://vk.com/wall-1707795_1674,6148
60.088915,32.304618,fishing,B,30,Судак,2014-07-02,open_water,Нижний Волхов,1.7,core,Нижний Волхов,Публичная геометка рыболовного отчёта FisherMap. нижний Волхов.,,,,FisherMap,https://ru.fishermap.org/location/6150/,https://vk.com/wall-1707795_2009,6150
60.188431,32.222266,fishing,B,30,Щука,2019-09-07,open_water,Креницы / Волховская губа,10.2,core,Креницы / Волховская губа,Публичная геометка рыболовного отчёта FisherMap. Ладожское озеро. Предыдущий массив: Щука (FisherMap).,,,,FisherMap,https://ru.fishermap.org/location/6158/,https://vk.com/wall-1707795_15943,6158
60.302495,32.604719,fishing,B,30,Судак,2019-06-23,open_water,Вороново,28.0,core,Вороново,Публичная геометка рыболовного отчёта FisherMap. Ладожское озеро.,,,,FisherMap,https://ru.fishermap.org/location/6160/,https://vk.com/wall-1707795_15424,6160
60.120446,31.586564,fishing,B,30,Щука,2019-05-23,open_water,Кобона / южный берег,39.2,core,Шлиссельбург / бухта Петрокрепость,Публичная геометка рыболовного отчёта FisherMap. Ладожское озеро.,,,,FisherMap,https://ru.fishermap.org/location/6162/,https://vk.com/wall-1707795_15173,6162
60.019048,31.441577,fishing,B,30,Ряпушка,2019-02-24,ice,Кобона / южный берег,48.2,core,Кобона / южный берег,Публичная геометка рыболовного отчёта FisherMap. Ладожское озеро.,,,,FisherMap,https://ru.fishermap.org/location/6165/,https://vk.com/wall-1707795_14176,6165
60.110724,31.528745,fishing,B,30,Щука; Окунь,2019-02-26,ice,Кобона / южный берег,42.4,core,Шлиссельбург / бухта Петрокрепость,Публичная геометка рыболовного отчёта FisherMap. Ладожское озеро.,,,,FisherMap,https://ru.fishermap.org/location/6168/,https://vk.com/wall-1707795_14194,6168
59.981948,31.513851,fishing,B,30,Окунь,2018-12-24,,Кобона / южный берег,45.4,core,Кобона / южный берег,Публичная геометка рыболовного отчёта FisherMap. Ладожское озеро.,,,,FisherMap,https://ru.fishermap.org/location/6170/,https://vk.com/wall-1707795_13087,6170
59.974345,31.524014,fishing,B,30,Окунь,2018-12-20,,Кобона / южный берег,45.1,core,Кобона / южный берег,Публичная геометка рыболовного отчёта FisherMap. Ладожское озеро.,,,,FisherMap,https://ru.fishermap.org/location/6171/,https://vk.com/wall-1707795_13013,6171
59.936183,31.442239,fishing,B,30,Окунь,2018-12-16,,Кобона / южный берег,50.9,core,Кобона / южный берег,Публичная геометка рыболовного отчёта FisherMap. Ладожское озеро.,,,,FisherMap,https://ru.fishermap.org/location/6172/,https://vk.com/wall-1707795_12920,6172
60.131684,32.231764,fishing,B,30,Щука,2018-12-13,,Креницы / Волховская губа,4.6,core,Креницы / Волховская губа,Публичная геометка рыболовного отчёта FisherMap. Ладожское озеро.,,,,FisherMap,https://ru.fishermap.org/location/6173/,https://vk.com/wall-1707795_12843,6173
60.120491,32.319319,fishing,B,30,Щука,2018-11-17,open_water,Новая Ладога / устье Волхова,2.3,core,Новая Ладога / устье Волхова,Публичная геометка рыболовного отчёта FisherMap. нижний Волхов.,,,,FisherMap,https://ru.fishermap.org/location/6174/,https://vk.com/wall-1707795_12380,6174
60.254085,31.69197,fishing,B,30,Щука,2018-08-16,open_water,Лигово,37.3,core,Лигово,Публичная геометка рыболовного отчёта FisherMap. Ладожское озеро.,,,,FisherMap,https://ru.fishermap.org/location/6175/,https://vk.com/wall-1707795_11973,6175
60.254115,31.692067,fishing,B,30,Щука,2018-08-16,open_water,Лигово,37.2,core,Лигово,Публичная геометка рыболовного отчёта FisherMap. Ладожское озеро.,,,,FisherMap,https://ru.fishermap.org/location/6176/,https://vk.com/wall-1707795_11955,6176
60.025646,31.533428,fishing,B,30,Окунь,2018-05-15,open_water,Кобона / южный берег,43.1,core,Кобона / южный берег,Публичная геометка рыболовного отчёта FisherMap. Ладожское озеро.,,,,FisherMap,https://ru.fishermap.org/location/6179/,https://vk.com/wall-1707795_10922,6179
60.021826,31.486249,fishing,B,30,Окунь,2018-05-12,open_water,Кобона / южный берег,45.7,core,Кобона / южный берег,Публичная геометка рыболовного отчёта FisherMap. Ладожское озеро.,,,,FisherMap,https://ru.fishermap.org/location/6180/,https://vk.com/wall-1707795_10890,6180
60.342155,32.616426,fishing,B,30,Окунь,2018-02-16,ice,Вороново,31.9,core,Вороново,Публичная геометка рыболовного отчёта FisherMap. Ладожское озеро.,,,,FisherMap,https://ru.fishermap.org/location/6183/,https://vk.com/wall-1707795_9630,6183
59.997778,31.43971,fishing,B,30,Окунь,2018-01-29,ice,Кобона / южный берег,48.9,core,Кобона / южный берег,Публичная геометка рыболовного отчёта FisherMap. Ладожское озеро.,,,,FisherMap,https://ru.fishermap.org/location/6184/,https://vk.com/wall-1707795_9266,6184
59.986953,31.531942,fishing,B,30,Окунь,2018-01-27,ice,Кобона / южный берег,44.3,core,Кобона / южный берег,Публичная геометка рыболовного отчёта FisherMap. Ладожское озеро.,,,,FisherMap,https://ru.fishermap.org/location/6185/,https://vk.com/wall-1707795_9175,6185
60.175403,32.212548,fishing,B,30,Окунь; Плотва,2017-03-19,ice,Креницы / Волховская губа,9.2,core,Креницы / Волховская губа,Публичная геометка рыболовного отчёта FisherMap. Ладожское озеро.,,,,FisherMap,https://ru.fishermap.org/location/6191/,https://vk.com/wall-1707795_6305,6191
60.406806,32.090174,fishing,B,30,Окунь; Судак,2014-07-15,open_water,о. Сухо,35.5,core,о. Сухо,Публичная геометка рыболовного отчёта FisherMap. Ладожское озеро.,,,,FisherMap,https://ru.fishermap.org/location/6192/,https://vk.com/wall-1707795_2025,6192
60.114413,32.24307,fishing,B,30,Карась,2019-08-12,open_water,Новая Ладога / устье Волхова,3.1,core,Новая Ладога / устье Волхова,Публичная геометка рыболовного отчёта FisherMap. целевая прибрежная зона; водоём в метаданных не указан.,,,,FisherMap,https://ru.fishermap.org/location/6330/,https://vk.com/wall-178041076_8244,6330
60.118082,32.324377,fishing,B,30,Окунь; Судак,2018-09-08,open_water,Новая Ладога / устье Волхова,2.3,core,Новая Ладога / устье Волхова,Публичная геометка рыболовного отчёта FisherMap. нижний Волхов.,,,,FisherMap,https://ru.fishermap.org/location/7027/,https://vk.com/wall-61270517_12729,7027
60.099401,32.310595,fishing,B,30,Щука,2018-08-18,open_water,Новая Ладога / устье Волхова,1.0,core,Новая Ладога / устье Волхова,Публичная геометка рыболовного отчёта FisherMap. нижний Волхов.,,,,FisherMap,https://ru.fishermap.org/location/7114/,https://vk.com/wall-55049510_6447,7114
59.975496,31.524648,fishing,B,30,Окунь,2019-02-20,ice,Кобона / южный берег,45.0,core,Кобона / южный берег,Публичная геометка рыболовного отчёта FisherMap. Ладожское озеро.,,,,FisherMap,https://ru.fishermap.org/location/9093/,https://vk.com/wall-164158114_27317,9093
60.192721,31.636649,fishing,B,30,Плотва,2019-03-05,ice,Лигово,37.7,core,Шлиссельбург / бухта Петрокрепость,Публичная геометка рыболовного отчёта FisherMap. Ладожское озеро.,,,,FisherMap,https://ru.fishermap.org/location/9097/,https://vk.com/wall-164158114_28896,9097
60.135523,31.571449,fishing,B,30,Щука,2019-03-19,ice,Кобона / южный берег,40.2,core,Шлиссельбург / бухта Петрокрепость,Публичная геометка рыболовного отчёта FisherMap. Ладожское озеро.,,,,FisherMap,https://ru.fishermap.org/location/9101/,https://vk.com/wall-164158114_30830,9101
60.132292,31.589045,fishing,B,30,Плотва,2019-04-22,,Кобона / южный берег,39.2,core,Шлиссельбург / бухта Петрокрепость,Публичная геометка рыболовного отчёта FisherMap. Ладожское озеро.,,,,FisherMap,https://ru.fishermap.org/location/9118/,https://vk.com/wall-164158114_37960,9118
60.080443,32.324443,fishing,B,30,Густера; Елец; Лещ,2019-05-26,open_water,Нижний Волхов,3.1,core,Нижний Волхов,Публичная геометка рыболовного отчёта FisherMap. нижний Волхов.,,,,FisherMap,https://ru.fishermap.org/location/9145/,https://vk.com/wall-164158114_46757,9145
60.288713,32.545015,fishing,B,30,Судак,2019-06-22,open_water,Вороново,24.8,core,Вороново,Публичная геометка рыболовного отчёта FisherMap. Ладожское озеро.,,,,FisherMap,https://ru.fishermap.org/location/9173/,https://vk.com/wall-164158114_54707,9173
60.160774,32.241598,fishing,B,30,Щука,2019-07-07,open_water,Креницы / Волховская губа,7.0,core,Креницы / Волховская губа,Публичная геометка рыболовного отчёта FisherMap. Ладожское озеро.,,,,FisherMap,https://ru.fishermap.org/location/9189/,https://vk.com/wall-164158114_59435,9189
60.023129,31.549124,fishing,B,30,Щука,2019-07-16,open_water,Кобона / южный берег,42.3,core,Кобона / южный берег,Публичная геометка рыболовного отчёта FisherMap. бухта Петрокрепость.,,,,FisherMap,https://ru.fishermap.org/location/9206/,https://vk.com/wall-164158114_62057,9206
60.095423,32.315172,fishing,B,30,Язь,2019-07-20,open_water,Нижний Волхов,1.5,core,Нижний Волхов,Публичная геометка рыболовного отчёта FisherMap. нижний Волхов.,,,,FisherMap,https://ru.fishermap.org/location/9212/,https://vk.com/wall-164158114_63136,9212
60.129187,31.607879,fishing,B,30,Щука; Окунь,2019-07-27,open_water,Кобона / южный берег,38.1,core,Шлиссельбург / бухта Петрокрепость,Публичная геометка рыболовного отчёта FisherMap. Ладожское озеро.,,,,FisherMap,https://ru.fishermap.org/location/9231/,https://vk.com/wall-164158114_65210,9231
60.146076,31.619132,fishing,B,30,Судак,2019-08-27,open_water,Кобона / южный берег,37.7,core,Шлиссельбург / бухта Петрокрепость,Публичная геометка рыболовного отчёта FisherMap. целевая прибрежная зона; водоём в метаданных не указан.,,,,FisherMap,https://ru.fishermap.org/location/9268/,https://vk.com/wall-164158114_73745,9268
60.211948,32.208028,fishing,B,30,Щука,2019-09-08,open_water,"Волховская губа, центр",12.9,core,Креницы / Волховская губа,Публичная геометка рыболовного отчёта FisherMap. Ладожское озеро.,,,,FisherMap,https://ru.fishermap.org/location/9275/,https://vk.com/wall-164158114_77249,9275
60.260922,32.641088,fishing,B,30,Щука; Окунь; Линь,2019-09-14,open_water,Вороново,26.0,core,Вороново,Публичная геометка рыболовного отчёта FisherMap. целевая прибрежная зона; водоём в метаданных не указан.,,,,FisherMap,https://ru.fishermap.org/location/9280/,https://vk.com/wall-164158114_79146,9280
60.095294,32.315008,fishing,B,30,Лещ,2019-10-14,open_water,Нижний Волхов,1.5,core,Нижний Волхов,Публичная геометка рыболовного отчёта FisherMap. нижний Волхов.,,,,FisherMap,https://ru.fishermap.org/location/9301/,https://vk.com/wall-164158114_87337,9301
60.135009,31.609383,fishing,B,30,Окунь,2019-10-01,open_water,Кобона / южный берег,38.1,core,Шлиссельбург / бухта Петрокрепость,Публичная геометка рыболовного отчёта FisherMap. Ладожское озеро.,,,,FisherMap,https://ru.fishermap.org/location/10629/,https://vk.com/wall-165396959_263298,10629
60.113432,32.287226,fishing,B,30,Окунь,2019-09-29,open_water,Новая Ладога / устье Волхова,1.1,core,Новая Ладога / устье Волхова,Публичная геометка рыболовного отчёта FisherMap. целевая прибрежная зона; водоём в метаданных не указан.,,,,FisherMap,https://ru.fishermap.org/location/10705/,https://vk.com/wall-114375980_129571,10705
60.121404,31.563588,fishing,B,30,Щука,2019-07-05,open_water,Кобона / южный берег,40.5,core,Шлиссельбург / бухта Петрокрепость,Публичная геометка рыболовного отчёта FisherMap. Ладожское озеро.,,,,FisherMap,https://ru.fishermap.org/location/11075/,https://vk.com/wall-150246881_299609,11075
60.104283,32.272784,fishing,B,30,Карась,2019-08-12,open_water,Новая Ладога / устье Волхова,1.2,core,Новая Ладога / устье Волхова,Публичная геометка рыболовного отчёта FisherMap. целевая прибрежная зона; водоём в метаданных не указан.,,,,FisherMap,https://ru.fishermap.org/location/11480/,https://vk.com/wall-294312_1191671,11480
60.102013,32.326021,fishing,B,30,Судак,2019-08-17,open_water,Новая Ладога / устье Волхова,1.8,core,Новая Ладога / устье Волхова,Публичная геометка рыболовного отчёта FisherMap. нижний Волхов.,,,,FisherMap,https://ru.fishermap.org/location/11621/,https://vk.com/wall-161376023_215999,11621
60.110836,32.325533,fishing,B,30,Щука,2019-10-23,open_water,Новая Ладога / устье Волхова,1.9,core,Новая Ладога / устье Волхова,Публичная геометка рыболовного отчёта FisherMap. нижний Волхов.,,,,FisherMap,https://ru.fishermap.org/location/11684/,https://vk.com/wall-56433000_2005158,11684
60.191962,32.223892,fishing,B,30,Щука,2019-09-09,open_water,Креницы / Волховская губа,10.6,core,Креницы / Волховская губа,Публичная геометка рыболовного отчёта FisherMap. Ладожское озеро.,,,,FisherMap,https://ru.fishermap.org/location/13142/,https://vk.com/wall-52321266_491861,13142
60.126973,31.603889,fishing,B,30,Окунь,2019-11-26,open_water,Кобона / южный берег,38.3,core,Шлиссельбург / бухта Петрокрепость,Публичная геометка рыболовного отчёта FisherMap. Ладожское озеро.,,,,FisherMap,https://ru.fishermap.org/location/13175/,https://vk.com/wall-52321266_507697,13175
60.453156,32.811084,fishing,B,30,Плотва,2019-05-15,open_water,Свирица / Загубская губа,48.2,core,Свирица / Загубская губа,Публичная геометка рыболовного отчёта FisherMap. Загубская губа без речной привязки.,,,,FisherMap,https://ru.fishermap.org/location/13400/,https://vk.com/wall-10618634_376552,13400
60.267281,32.048983,fishing,B,30,Щука,2019-06-03,open_water,о. Птинов,22.7,core,о. Птинов,Публичная геометка рыболовного отчёта FisherMap. Ладожское озеро.,,,,FisherMap,https://ru.fishermap.org/location/13409/,https://vk.com/wall-10618634_379666,13409
60.207024,32.204395,fishing,B,30,Щука,2019-06-08,open_water,"Волховская губа, центр",12.5,core,Креницы / Волховская губа,Публичная геометка рыболовного отчёта FisherMap. Ладожское озеро.,,,,FisherMap,https://ru.fishermap.org/location/13412/,https://vk.com/wall-10618634_380875,13412
60.115556,32.338514,fishing,B,30,Щука,2019-07-24,open_water,Новая Ладога / устье Волхова,2.8,core,Новая Ладога / устье Волхова,Публичная геометка рыболовного отчёта FisherMap. нижний Волхов.,,,,FisherMap,https://ru.fishermap.org/location/13423/,https://vk.com/wall-10618634_388731,13423
60.068341,32.338351,fishing,B,30,Лещ,2019-09-17,open_water,Нижний Волхов,4.6,core,Нижний Волхов,Публичная геометка рыболовного отчёта FisherMap. нижний Волхов.,,,,FisherMap,https://ru.fishermap.org/location/13441/,https://vk.com/wall-10618634_393580,13441
60.120745,32.318611,fishing,B,30,Щука; Карп; Лещ,2019-09-02,open_water,Новая Ладога / устье Волхова,2.3,core,Новая Ладога / устье Волхова,Публичная геометка рыболовного отчёта FisherMap. нижний Волхов.,,,,FisherMap,https://ru.fishermap.org/location/14097/,https://vk.com/wall-47864815_4174,14097
60.15183,32.258078,fishing,B,30,Щука; Окунь,2019-09-05,open_water,Креницы / Волховская губа,5.7,core,Креницы / Волховская губа,Публичная геометка рыболовного отчёта FisherMap. Ладожское озеро.,,,,FisherMap,https://ru.fishermap.org/location/14098/,https://vk.com/wall-47864815_4211,14098
60.100498,32.313622,fishing,B,30,Лещ,2016-05-22,open_water,Новая Ладога / устье Волхова,1.1,core,Новая Ладога / устье Волхова,Публичная геометка рыболовного отчёта FisherMap. нижний Волхов.,,,,FisherMap,https://ru.fishermap.org/location/14369/,https://vk.com/wall-1610594_16023,14369
60.10428,31.535041,fishing,B,30,Плотва,2016-12-24,,Кобона / южный берег,42.1,core,Шлиссельбург / бухта Петрокрепость,Публичная геометка рыболовного отчёта FisherMap. Ладожское озеро.,,,,FisherMap,https://ru.fishermap.org/location/14383/,https://vk.com/wall-1610594_18615,14383
60.165785,32.248314,fishing,B,30,Щука,2019-06-17,open_water,Креницы / Волховская губа,7.4,core,Креницы / Волховская губа,Публичная геометка рыболовного отчёта FisherMap. Ладожское озеро.,,,,FisherMap,https://ru.fishermap.org/location/15368/,https://vk.com/wall-162151399_14998,15368
59.946064,31.578757,fishing,B,30,Щука; Лещ,2019-06-28,open_water,Кобона / южный берег,43.4,core,Кобона / южный берег,Публичная геометка рыболовного отчёта FisherMap. целевая прибрежная зона; водоём в метаданных не указан.,,,,FisherMap,https://ru.fishermap.org/location/15377/,https://vk.com/wall-162151399_17557,15377
59.982637,31.55379,fishing,B,30,Щука; Судак,2019-07-07,open_water,Кобона / южный берег,43.2,core,Кобона / южный берег,Публичная геометка рыболовного отчёта FisherMap. Ладожское озеро.,,,,FisherMap,https://ru.fishermap.org/location/15385/,https://vk.com/wall-162151399_18909,15385
60.20561,32.41823,fishing,B,30,Судак,2019-07-08,open_water,"Волховская губа, центр",13.3,core,Креницы / Волховская губа,Публичная геометка рыболовного отчёта FisherMap. Ладожское озеро. Предыдущий массив: Судак (FisherMap).,,,,FisherMap,https://ru.fishermap.org/location/15386/,https://vk.com/wall-162151399_19155,15386
60.213908,32.2246,fishing,B,30,Щука; Судак,2019-07-12,open_water,"Волховская губа, центр",12.8,core,Креницы / Волховская губа,Публичная геометка рыболовного отчёта FisherMap. Ладожское озеро.,,,,FisherMap,https://ru.fishermap.org/location/15389/,https://vk.com/wall-162151399_19843,15389
60.150206,31.622075,fishing,B,30,Щука,2019-07-14,open_water,Лигово,37.6,core,Шлиссельбург / бухта Петрокрепость,Публичная геометка рыболовного отчёта FisherMap. целевая прибрежная зона; водоём в метаданных не указан.,,,,FisherMap,https://ru.fishermap.org/location/15393/,https://vk.com/wall-162151399_20292,15393
60.213078,32.448773,fishing,B,30,Щука; Судак,2019-07-15,open_water,"Волховская губа, центр",14.9,core,Вороново,Публичная геометка рыболовного отчёта FisherMap. Ладожское озеро.,,,,FisherMap,https://ru.fishermap.org/location/15397/,https://vk.com/wall-162151399_20512,15397
59.946032,31.578957,fishing,B,30,Щука,2019-07-22,open_water,Кобона / южный берег,43.4,core,Кобона / южный берег,Публичная геометка рыболовного отчёта FisherMap. целевая прибрежная зона; водоём в метаданных не указан.,,,,FisherMap,https://ru.fishermap.org/location/15405/,https://vk.com/wall-162151399_21636,15405
60.083858,32.30831,fishing,B,30,Лещ; Сом,2019-07-28,open_water,Нижний Волхов,2.3,core,Нижний Волхов,Публичная геометка рыболовного отчёта FisherMap. нижний Волхов.,,,,FisherMap,https://ru.fishermap.org/location/15407/,https://vk.com/wall-162151399_22765,15407
60.238105,31.97625,fishing,B,30,Окунь,2019-08-08,open_water,Дубно,23.1,core,Дубно,Публичная геометка рыболовного отчёта FisherMap. Ладожское озеро.,,,,FisherMap,https://ru.fishermap.org/location/15415/,https://vk.com/wall-162151399_24106,15415
60.097415,32.310195,fishing,B,30,Щука; Судак,2019-08-12,open_water,Новая Ладога / устье Волхова,1.1,core,Новая Ладога / устье Волхова,Публичная геометка рыболовного отчёта FisherMap. нижний Волхов.,,,,FisherMap,https://ru.fishermap.org/location/15421/,https://vk.com/wall-162151399_24395,15421
60.153482,32.484413,fishing,B,30,Щука; Судак,2019-10-01,open_water,Устье Сяси / Сясьстрой,11.9,core,Новая Ладога / устье Волхова,Публичная геометка рыболовного отчёта FisherMap. Ладожское озеро.,,,,FisherMap,https://ru.fishermap.org/location/15443/,https://vk.com/wall-162151399_28467,15443
59.981745,31.4043,fishing,B,30,Щука; Окунь,2019-10-18,open_water,Кобона / южный берег,51.2,core,Кобона / южный берег,Публичная геометка рыболовного отчёта FisherMap. Ладожское озеро.,,,,FisherMap,https://ru.fishermap.org/location/15447/,https://vk.com/wall-162151399_29938,15447
60.232853,32.055904,fishing,B,30,Щука; Голавль; Окунь,2019-11-26,open_water,о. Птинов,19.5,core,о. Птинов,"Публичная геометка рыболовного отчёта FisherMap. Ладожское озеро. Предыдущий массив: Щука, голавль, окунь (FisherMap).",,,,FisherMap,https://ru.fishermap.org/location/15453/,https://vk.com/wall-162151399_34100,15453
59.985343,31.526859,fishing,B,30,Щука,2017-09-27,open_water,Кобона / южный берег,44.6,core,Кобона / южный берег,Публичная геометка рыболовного отчёта FisherMap. Ладожское озеро.,,,,FisherMap,https://ru.fishermap.org/location/16225/,https://vk.com/wall-21779973_76078,16225
60.127233,31.595003,fishing,B,30,Окунь,2017-12-24,,Кобона / южный берег,38.8,core,Шлиссельбург / бухта Петрокрепость,Публичная геометка рыболовного отчёта FisherMap. Ладожское озеро.,,,,FisherMap,https://ru.fishermap.org/location/16228/,https://vk.com/wall-21779973_78094,16228
59.979758,31.494377,fishing,B,30,Окунь; Плотва,2018-01-23,ice,Кобона / южный берег,46.5,core,Кобона / южный берег,Публичная геометка рыболовного отчёта FisherMap. Ладожское озеро.,,,,FisherMap,https://ru.fishermap.org/location/16230/,https://vk.com/wall-21779973_79411,16230
60.141119,32.215248,fishing,B,30,Щука,2018-02-17,ice,Креницы / Волховская губа,6.0,core,Креницы / Волховская губа,Публичная геометка рыболовного отчёта FisherMap. Ладожское озеро. Предыдущий массив: Щука (FisherMap).,,,,FisherMap,https://ru.fishermap.org/location/16235/,https://vk.com/wall-21779973_81235,16235
60.188581,32.172667,fishing,B,30,Окунь,2018-03-29,ice,Креницы / Волховская губа,11.6,core,Креницы / Волховская губа,Публичная геометка рыболовного отчёта FisherMap. Ладожское озеро.,,,,FisherMap,https://ru.fishermap.org/location/16240/,https://vk.com/wall-21779973_83367,16240
60.269817,32.609065,fishing,B,30,Лещ; Плотва,2018-04-07,,Вороново,25.4,core,Вороново,Публичная геометка рыболовного отчёта FisherMap. Ладожское озеро.,,,,FisherMap,https://ru.fishermap.org/location/16243/,https://vk.com/wall-21779973_83933,16243
60.04905,32.344292,fishing,B,30,Лещ,2018-08-02,open_water,Нижний Волхов,6.7,core,Нижний Волхов,Публичная геометка рыболовного отчёта FisherMap. нижний Волхов.,,,,FisherMap,https://ru.fishermap.org/location/16244/,https://vk.com/wall-21779973_85295,16244
60.028505,31.452973,fishing,B,30,Окунь,2019-02-16,ice,Кобона / южный берег,47.4,core,Кобона / южный берег,Публичная геометка рыболовного отчёта FisherMap. Ладожское озеро.,,,,FisherMap,https://ru.fishermap.org/location/16245/,https://vk.com/wall-21779973_88393,16245
60.015231,31.407798,fishing,B,30,Плотва,2019-03-26,ice,Кобона / южный берег,50.2,core,Кобона / южный берег,Публичная геометка рыболовного отчёта FisherMap. Ладожское озеро.,,,,FisherMap,https://ru.fishermap.org/location/16246/,https://vk.com/wall-21779973_89247,16246
59.97432,31.511137,fishing,B,30,Окунь,2018-12-16,,Кобона / южный берег,45.8,core,Кобона / южный берег,Публичная геометка рыболовного отчёта FisherMap. Ладожское озеро.,,,,FisherMap,https://ru.fishermap.org/location/16559/,https://vk.com/wall-114375980_108144,16559
59.974928,31.517438,fishing,B,30,Окунь,2018-12-19,,Кобона / южный берег,45.4,core,Кобона / южный берег,Публичная геометка рыболовного отчёта FisherMap. Ладожское озеро.,,,,FisherMap,https://ru.fishermap.org/location/16562/,https://vk.com/wall-114375980_108435,16562
59.978596,31.52809,fishing,B,30,Окунь,2018-12-26,,Кобона / южный берег,44.7,core,Кобона / южный берег,Публичная геометка рыболовного отчёта FisherMap. Ладожское озеро.,,,,FisherMap,https://ru.fishermap.org/location/16564/,https://vk.com/wall-114375980_109435,16564
60.184477,32.214768,fishing,B,30,Окунь,2019-01-07,ice,Креницы / Волховская губа,10.0,core,Креницы / Волховская губа,Публичная геометка рыболовного отчёта FisherMap. Ладожское озеро.,,,,FisherMap,https://ru.fishermap.org/location/16567/,https://vk.com/wall-114375980_110444,16567
60.187433,31.633171,fishing,B,30,Налим; Плотва,2019-02-01,ice,Лигово,37.7,core,Шлиссельбург / бухта Петрокрепость,Публичная геометка рыболовного отчёта FisherMap. Ладожское озеро.,,,,FisherMap,https://ru.fishermap.org/location/16574/,https://vk.com/wall-114375980_113829,16574
60.254021,31.691589,fishing,B,30,Щука; Судак,2018-08-27,open_water,Лигово,37.3,core,Лигово,Публичная геометка рыболовного отчёта FisherMap. Ладожское озеро.,,,,FisherMap,https://ru.fishermap.org/location/16590/,https://vk.com/wall-114375980_120331,16590
60.226807,31.788919,fishing,B,30,Щука; Язь; Плотва,2019-04-22,,Лигово,31.1,core,Лигово,Публичная геометка рыболовного отчёта FisherMap. Ладожское озеро.,,,,FisherMap,https://ru.fishermap.org/location/16595/,https://vk.com/wall-114375980_121684,16595
60.064805,32.345053,fishing,B,30,Язь; Лещ,2019-05-09,open_water,Нижний Волхов,5.2,core,Нижний Волхов,Публичная геометка рыболовного отчёта FisherMap. нижний Волхов.,,,,FisherMap,https://ru.fishermap.org/location/16604/,https://vk.com/wall-114375980_122793,16604
60.148447,32.242821,fishing,B,30,Окунь; Судак,2019-08-13,open_water,Креницы / Волховская губа,5.7,core,Креницы / Волховская губа,"Публичная геометка рыболовного отчёта FisherMap. Ладожское озеро. Предыдущий массив: Окунь, судак (FisherMap).",,,,FisherMap,https://ru.fishermap.org/location/16626/,https://vk.com/wall-114375980_127858,16626
60.225864,31.982064,fishing,B,30,Щука,2019-09-11,open_water,Дубно,22.0,core,Дубно,Публичная геометка рыболовного отчёта FisherMap. Ладожское озеро. Предыдущий массив: Щука (FisherMap).,,,,FisherMap,https://ru.fishermap.org/location/16637/,https://vk.com/wall-114375980_129013,16637
60.130917,32.333886,fishing,B,30,Густера; Плотва,2019-08-09,open_water,Новая Ладога / устье Волхова,3.7,core,Новая Ладога / устье Волхова,Публичная геометка рыболовного отчёта FisherMap. нижний Волхов.,,,,FisherMap,https://ru.fishermap.org/location/20067/,http://fishingmaniya.ru,20067
60.225408,32.129243,fishing,B,30,Окунь,2022-01-04,ice,о. Птинов,16.3,core,о. Птинов,Публичная геометка рыболовного отчёта FisherMap. Ладожское озеро.,,,,FisherMap,https://ru.fishermap.org/location/20188/,https://vk.com/public1707795?w=wall-1707795_46030,20188
60.119097,32.340207,fishing,B,30,Плотва,2022-04-06,,Новая Ладога / устье Волхова,3.1,core,Новая Ладога / устье Волхова,Публичная геометка рыболовного отчёта FisherMap. нижний Волхов.,,,,FisherMap,https://ru.fishermap.org/location/20191/,https://vk.com/public1707795?w=wall-1707795_49346,20191
60.285915,32.601296,fishing,B,30,Густера; Налим; Плотва,2022-11-29,open_water,Вороново,26.4,core,Вороново,Публичная геометка рыболовного отчёта FisherMap. Ладожское озеро. Предыдущий массив: Вороново — геометка отчёта (геометка отчёта).,,,,FisherMap,https://ru.fishermap.org/location/20195/,https://vk.com/public1707795?w=wall-1707795_53274,20195
60.021502,31.475682,fishing,B,30,Окунь; Сиг,2023-01-14,ice,Кобона / южный берег,46.3,core,Кобона / южный берег,Публичная геометка рыболовного отчёта FisherMap. Ладожское озеро.,,,,FisherMap,https://ru.fishermap.org/location/20200/,https://vk.com/public1707795?w=wall-1707795_55955,20200
60.129703,32.242394,fishing,B,30,Щука,2023-02-05,ice,Креницы / Волховская губа,4.1,core,Креницы / Волховская губа,Публичная геометка рыболовного отчёта FisherMap. Ладожское озеро.,,,,FisherMap,https://ru.fishermap.org/location/20204/,https://vk.com/public1707795?w=wall-1707795_57024,20204
60.028511,31.469672,fishing,B,30,Окунь; Плотва,2023-02-15,ice,Кобона / южный берег,46.5,core,Кобона / южный берег,Публичная геометка рыболовного отчёта FisherMap. Ладожское озеро.,,,,FisherMap,https://ru.fishermap.org/location/20205/,https://vk.com/public1707795?w=wall-1707795_57457,20205
60.132812,32.239792,fishing,B,30,Щука,2023-02-16,ice,Креницы / Волховская губа,4.4,core,Креницы / Волховская губа,Публичная геометка рыболовного отчёта FisherMap. Ладожское озеро.,,,,FisherMap,https://ru.fishermap.org/location/20206/,https://vk.com/public1707795?w=wall-1707795_57494,20206
60.070309,31.382218,fishing,B,30,Окунь,2023-02-25,ice,Кобона / южный берег,50.7,core,Кобона / южный берег,Публичная геометка рыболовного отчёта FisherMap. Ладожское озеро.,,,,FisherMap,https://ru.fishermap.org/location/20207/,https://vk.com/public1707795?w=wall-1707795_57778,20207
60.028196,31.529794,fishing,B,30,Плотва,2023-04-04,,Кобона / южный берег,43.2,core,Кобона / южный берег,Публичная геометка рыболовного отчёта FisherMap. Ладожское озеро.,,,,FisherMap,https://ru.fishermap.org/location/20209/,https://vk.com/public162151399?w=wall-162151399_195313,20209
60.058404,32.339714,fishing,B,30,Лещ,2023-09-17,open_water,Нижний Волхов,5.6,core,Нижний Волхов,Публичная геометка рыболовного отчёта FisherMap. нижний Волхов.,,,,FisherMap,https://ru.fishermap.org/location/20215/,https://vk.com/public162151399?w=wall-162151399_206870,20215
60.135595,32.455839,fishing,B,30,Лещ,2021-05-10,open_water,Устье Сяси / Сясьстрой,9.6,core,Новая Ладога / устье Волхова,Публичная геометка рыболовного отчёта FisherMap. целевая прибрежная зона; водоём в метаданных не указан.,,,,FisherMap,https://ru.fishermap.org/location/20239/,https://vk.com/public189584782?w=wall-189584782_24003,20239
60.105391,31.57502,fishing,B,30,Окунь; Плотва,2022-02-12,ice,Кобона / южный берег,39.8,core,Шлиссельбург / бухта Петрокрепость,Публичная геометка рыболовного отчёта FisherMap. Ладожское озеро.,,,,FisherMap,https://ru.fishermap.org/location/20271/,https://vk.com/public76517308?w=wall-76517308_12367,20271
60.11502,32.306801,fishing,B,30,Карась,2023-05-12,open_water,Новая Ладога / устье Волхова,1.4,core,Новая Ладога / устье Волхова,Публичная геометка рыболовного отчёта FisherMap. целевая прибрежная зона; водоём в метаданных не указан.,,,,FisherMap,https://ru.fishermap.org/location/20283/,https://vk.com/public10618634?w=wall-10618634_486664,20283
60.085507,32.314274,fishing,B,30,Карась,2023-05-12,open_water,Нижний Волхов,2.3,core,Нижний Волхов,Публичная геометка рыболовного отчёта FisherMap. нижний Волхов.,,,,FisherMap,https://ru.fishermap.org/location/20284/,https://vk.com/public10618634?w=wall-10618634_486720,20284
60.262203,31.943687,fishing,B,30,Окунь,2024-02-10,ice,Дубно,26.2,core,Дубно,Публичная геометка рыболовного отчёта FisherMap. Ладожское озеро. Предыдущий массив: Дубно — хорошая рыбалка (геометка отчёта).,,,,FisherMap,https://ru.fishermap.org/location/20292/,https://vk.com/public10618634?w=wall-10618634_508414,20292
59.978608,31.418379,fishing,B,30,Окунь; Плотва,2023-12-17,,Кобона / южный берег,50.6,core,Кобона / южный берег,Публичная геометка рыболовного отчёта FisherMap. Ладожское озеро.,,,,FisherMap,https://ru.fishermap.org/location/20303/,https://vk.com/public204282817?w=wall-204282817_26750,20303
60.029512,31.508122,fishing,B,30,Плотва,2024-03-11,ice,Кобона / южный берег,44.4,core,Кобона / южный берег,Публичная геометка рыболовного отчёта FisherMap. Ладожское озеро.,,,,FisherMap,https://ru.fishermap.org/location/20306/,https://vk.com/public52321266?w=wall-52321266_718888,20306
59.977616,31.718685,fishing,B,30,Щука,2022-05-27,open_water,Кобона / южный берег,34.9,core,Кобона / южный берег,Публичная геометка рыболовного отчёта FisherMap. целевая прибрежная зона; водоём в метаданных не указан.,,,,FisherMap,https://ru.fishermap.org/location/20307/,https://vk.com/public47864815?w=wall-47864815_12388,20307
60.268015,32.321594,fishing,B,30,Судак,2023-07-31,open_water,"Волховская губа, центр",18.3,core,Варецкие банки,Публичная геометка рыболовного отчёта FisherMap. Ладожское озеро.,,,,FisherMap,https://ru.fishermap.org/location/20310/,https://vk.com/public1707795?w=wall-1707795_62285,20310
60.146112,32.306103,fishing,B,30,Окунь; Щука,2023-09-04,open_water,Креницы / Волховская губа,4.8,core,Креницы / Волховская губа,Публичная геометка рыболовного отчёта FisherMap. Ладожское озеро.,,,,FisherMap,https://ru.fishermap.org/location/20311/,https://vk.com/public1707795?w=wall-1707795_62598,20311
60.027102,31.490503,fishing,B,30,Плотва,2023-12-09,,Кобона / южный берег,45.4,core,Кобона / южный берег,Публичная геометка рыболовного отчёта FisherMap. Ладожское озеро.,,,,FisherMap,https://ru.fishermap.org/location/20313/,https://vk.com/public1707795?w=wall-1707795_63773,20313
60.181919,32.176908,fishing,B,30,Щука,2023-12-16,,Креницы / Волховская губа,10.8,core,Креницы / Волховская губа,Публичная геометка рыболовного отчёта FisherMap. Ладожское озеро.,,,,FisherMap,https://ru.fishermap.org/location/20314/,https://vk.com/public1707795?w=wall-1707795_64009,20314
60.024504,31.495277,fishing,B,30,Окунь,2024-01-27,ice,Кобона / южный берег,45.2,core,Кобона / южный берег,Публичная геометка рыболовного отчёта FisherMap. Ладожское озеро.,,,,FisherMap,https://ru.fishermap.org/location/20315/,https://vk.com/public1707795?w=wall-1707795_65280,20315
60.051801,31.412675,fishing,B,30,Окунь; Плотва,2024-02-21,ice,Кобона / южный берег,49.2,core,Кобона / южный берег,Публичная геометка рыболовного отчёта FisherMap. Ладожское озеро.,,,,FisherMap,https://ru.fishermap.org/location/20319/,https://vk.com/public1707795?w=wall-1707795_65976,20319
60.185097,32.173108,fishing,B,30,Плотва; Щука,2024-03-13,ice,Креницы / Волховская губа,11.3,core,Креницы / Волховская губа,Публичная геометка рыболовного отчёта FisherMap. Ладожское озеро.,,,,FisherMap,https://ru.fishermap.org/location/20321/,https://vk.com/public1707795?w=wall-1707795_66745,20321
60.161998,32.21751,fishing,B,30,Плотва,2024-03-19,ice,Креницы / Волховская губа,7.7,core,Креницы / Волховская губа,Публичная геометка рыболовного отчёта FisherMap. Ладожское озеро.,,,,FisherMap,https://ru.fishermap.org/location/20322/,https://vk.com/public1707795?w=wall-1707795_66937,20322
60.178317,31.667315,fishing,B,30,Щука,2024-02-21,ice,Лигово,35.7,core,Шлиссельбург / бухта Петрокрепость,Публичная геометка рыболовного отчёта FisherMap. целевая прибрежная зона; водоём в метаданных не указан.,,,,FisherMap,https://ru.fishermap.org/location/20324/,https://vk.com/public162151399?w=wall-162151399_214865,20324
60.131007,31.608684,fishing,B,30,Густера,2024-06-07,open_water,Кобона / южный берег,38.1,core,Шлиссельбург / бухта Петрокрепость,Публичная геометка рыболовного отчёта FisherMap. Ладожское озеро.,,,,FisherMap,https://ru.fishermap.org/location/21215/,https://vk.com/public130350672?w=wall-130350672_11330,21215
60.073101,32.333503,fishing,B,30,Лещ,2026-09-21,open_water,Нижний Волхов,4.0,core,Нижний Волхов,"Публичная геометка отчёта fishing-report.ru. нижний Волхов. Всем привет.👋Ну что сказать, Волхов в этот раз выдал по полной! Эмоции зашкаливают — таких мощных поклевок я давно не припомню. Рыбалка была непростой: ветер лютый, дождь поливал переодически, но нас это не остановило. «Алешки» (лещи) как на подбор — все ровные, от 1,5 до 2 кг. Самый крупный потянул на 2,2 кг. 🎣 Было очень много сходов, адреналина — море! Рыба берет так резко, что даже шнур 0,16 не выдерживал и рвался на рывках. Еще удалось взять одного линя, но, похоже, их сезон уже подходит к концу . Зацепил кормушку местного умельца -это нечто .В общем, рыбалка удалась, несмотря на капризы погоды.Всем НХНЧ. -->",,,,fishing-report.ru,https://fishing-report.ru/120755/,,120755
60.055396,32.3414,fishing,B,30,Лещ; Густера; Синец; Карась,2026-05-08,open_water,Нижний Волхов,6.0,core,Нижний Волхов,Публичная геометка отчёта fishing-report.ru. нижний Волхов. Волхов [id792616711|Александр П] -->,,,,fishing-report.ru,https://fishing-report.ru/120199/,,120199
60.268709,31.852692,fishing,B,30,Судак,2026-02-18,ice,Лигово,30.5,core,Лигово,"Публичная геометка отчёта fishing-report.ru. Ладожское озеро. Отчитаюсь. Лигово 16 и 17 ое число (на фото уловы разных дней), смотрю инфу никто не сливает…а все порят по тихому😂😂😂. Мармулет в почете, все дзюбят, но были исключения (кстати видел кадра который прицепил к судаковой удочке с катушкой кивок и поставил мормулет, кстати даже что то ловил😂😂😂 . От берега 3 км. Доклад закончил! P.S. умудрился засадить машину на полном приводе, огромное спасибо товарищам по увлечению на Ниве которые не бросили в беде и помогли вытащить. [id530215775|Кирилл Космос] --> Предыдущий массив: Лигово — судак (геометка отчёта).",,,,fishing-report.ru,https://fishing-report.ru/119872/,,119872
59.928905,31.370381,fishing,B,30,Окунь,2025-11-04,open_water,Кобона / южный берег,54.9,core,Кобона / южный берег,"Публичная геометка отчёта fishing-report.ru. бухта Петрокрепость. Назия, сегодня пороли все! [id530215775|Кирилл Космос] -->",,,,fishing-report.ru,https://fishing-report.ru/95002/,,95002
60.017712,31.474687,fishing,B,30,Окунь,2025-01-23,ice,Кобона / южный берег,46.5,core,Кобона / южный берег,"Публичная геометка отчёта fishing-report.ru. бухта Петрокрепость. Ладога! Кобона! Окунь, и он нас ждал! Конечно он пытался нас вымотать и взять измором ( чтобы от бессилия руки не поднимались после 2 х часовой раздачи) . Мы смогли!!! Всех детей в лунку! [id22800698|Александр Шмидт] -->",,,,fishing-report.ru,https://fishing-report.ru/58712/,,58712
60.262203,31.943687,fishing,B,30,,2024-02-17,ice,Дубно,26.2,core,Дубно,Публичная геометка отчёта fishing-report.ru. Ладожское озеро. Дубно! Отличная погода и хорошая рыбалка! -->,,,,fishing-report.ru,https://fishing-report.ru/51112/,,51112
60.405998,32.091712,fishing,B,30,Окунь,2024-01-28,ice,о. Сухо,35.4,core,о. Сухо,"Публичная геометка отчёта fishing-report.ru. Ладожское озеро. Остров Сухо ! Наша экспедиция состоялась! Зимой мы здесь впервые! Летом бываем переодически и ловим окуня! Цель поездки была безусловно поимка морда того окуня , так как мелочь надоела ! В итоге полный 0. На грядах и на свалках ,а так же на глубинах до 4 метров окунь отсутствует! Сфотографировались на память и погнали в Дубно! Там подловили десятка 3 окуней и по каналу ,уже затемно поехали в креницы! -->",,,,fishing-report.ru,https://fishing-report.ru/50674/,,50674
60.04941,32.344204,fishing,B,30,Карп,2023-11-02,open_water,Нижний Волхов,6.6,core,Нижний Волхов,Публичная геометка отчёта fishing-report.ru. нижний Волхов. -->,,,,fishing-report.ru,https://fishing-report.ru/49035/,,49035
60.085507,32.314274,fishing,B,30,Карась,2023-05-14,open_water,Нижний Волхов,2.3,core,Нижний Волхов,Публичная геометка отчёта fishing-report.ru. нижний Волхов. Открыли сезон. Первый кемпенговый выезд на Волхов -->,,,,fishing-report.ru,https://fishing-report.ru/40520/,,40520
60.11502,32.306801,fishing,B,30,Карась,2023-05-13,open_water,Новая Ладога / устье Волхова,1.4,core,Новая Ладога / устье Волхова,Публичная геометка отчёта fishing-report.ru. устьевая зона Новой Ладоги. Новая Ладога. Канал -->,,,,fishing-report.ru,https://fishing-report.ru/40490/,,40490
60.070309,31.382218,fishing,B,30,Окунь,2023-03-05,ice,Кобона / южный берег,50.7,core,Кобона / южный берег,Публичная геометка отчёта fishing-report.ru. бухта Петрокрепость. Кобона. 25.02.2023. Неожиданный выход на 7.5 м. Были с женой — «накоротке» — удовольствие получили) всем добра и НХНЧ!!!,,,,fishing-report.ru,https://fishing-report.ru/38126/,,38126
60.284315,32.613413,fishing,B,30,,2023-01-17,ice,Вороново,26.7,core,Вороново,Публичная геометка отчёта fishing-report.ru. Волховская губа.,,,,fishing-report.ru,https://fishing-report.ru/37135/,,37135
59.991515,31.421005,fishing,B,30,,2023-01-03,ice,Кобона / южный берег,50.0,core,Кобона / южный берег,Публичная геометка отчёта fishing-report.ru. бухта Петрокрепость.,,,,fishing-report.ru,https://fishing-report.ru/36310/,,36310
60.285915,32.601296,fishing,B,30,,2022-12-07,,Вороново,26.4,core,Вороново,Публичная геометка отчёта fishing-report.ru. Волховская губа. Отчёт с опозданием Ладога. Вороново.,,,,fishing-report.ru,https://fishing-report.ru/35610/,,35610
60.256104,32.13682,fishing,B,30,,2022-06-24,open_water,о. Птинов,19.0,core,о. Птинов,Публичная геометка отчёта fishing-report.ru. Волховская губа.,,,,fishing-report.ru,https://fishing-report.ru/32331/,,32331
60.024603,31.556335,fishing,B,30,Сорожка; Окунь,2022-02-26,ice,Кобона / южный берег,41.9,core,Кобона / южный берег,Публичная геометка отчёта fishing-report.ru. южный берег/Петрокрепость; служебное имя водоёма.,,,,fishing-report.ru,https://fishing-report.ru/29524/,,29524
60.248535,32.044871,fishing,B,30,Щука,2022-02-21,ice,о. Птинов,21.2,core,о. Птинов,"Публичная геометка отчёта fishing-report.ru. Ладожское озеро. Хорошо вчера отловились в Дубно. 11хвостов, от 7кг до 1кг, клевало до 13.00 пока не начался снег с метелью, рыбалка хорошая но добраться до места, это дорогого стоит ? Предыдущий массив: Дубно — щука (геометка отчёта).",,,,fishing-report.ru,https://fishing-report.ru/29385/,,29385
60.239988,31.705373,fishing,B,30,,2022-02-04,ice,Лигово,35.9,core,Лигово,Публичная геометка отчёта fishing-report.ru. Ладожское озеро. Ладога неужели обрадовала)),,,,fishing-report.ru,https://fishing-report.ru/27999/,,27999
59.982424,31.493579,fishing,B,30,,2022-01-22,ice,Кобона / южный берег,46.4,core,Кобона / южный берег,"Публичная геометка отчёта fishing-report.ru. бухта Петрокрепость. Ладога, ветерок, но полосатый вяленько берет.",,,,fishing-report.ru,https://fishing-report.ru/25778/,,25778
60.018017,31.46597,fishing,B,30,,2022-01-19,ice,Кобона / южный берег,46.9,core,Кобона / южный берег,"Публичная геометка отчёта fishing-report.ru. бухта Петрокрепость. Кобона вчера. Лифт с 10.00до 13.00. В остальное время вяло, но приятно.",,,,fishing-report.ru,https://fishing-report.ru/25668/,,25668
59.909595,31.478386,fishing,B,30,,2022-01-18,ice,Кобона / южный берег,50.2,core,Кобона / южный берег,Публичная геометка отчёта fishing-report.ru. бухта Петрокрепость. Сегодня шальдиха рыбу отпустил,,,,fishing-report.ru,https://fishing-report.ru/25501/,,25501
60.453142,32.797262,fishing,B,30,Щука,2021-12-14,ice,Свирица / Загубская губа,47.7,core,Свирица / Загубская губа,Публичная геометка отчёта fishing-report.ru. Загубская губа. Открытие сезона. Жерлицы Щука. https://youtu.be/9yfnDb0FT0c,,,,fishing-report.ru,https://fishing-report.ru/18476/,,18476
60.240732,32.012897,fishing,B,30,Окунь,2021-10-14,open_water,Дубно,21.8,core,Дубно,Публичная геометка отчёта fishing-report.ru. Ладожское озеро. Всем привет! Окушек брал вяло но под вечер разошёлся! 08.10.21г Предыдущий массив: Окунь (геометка отчёта).,,,,fishing-report.ru,https://fishing-report.ru/14053/,,14053
59.911808,31.395548,fishing,B,30,Щука,2021-10-13,ice,Кобона / южный берег,54.3,core,Кобона / южный берег,"Публичная геометка отчёта fishing-report.ru. бухта Петрокрепость. Спасибо Ладога. За последние не очень удачные рыбалки по хищнику, сегодня немного оторвались. И бонус жене дала.",,,,fishing-report.ru,https://fishing-report.ru/13972/,,13972
59.969472,31.418269,fishing,B,30,Окунь,2021-10-13,open_water,Кобона / южный берег,50.9,core,Кобона / южный берег,Публичная геометка отчёта fishing-report.ru. бухта Петрокрепость. Сегодня был первый раз на Ладоге за много лет И по мне так удачно,,,,fishing-report.ru,https://fishing-report.ru/13963/,,13963
60.057829,32.339528,fishing,B,30,,2021-10-07,open_water,Нижний Волхов,5.7,core,Нижний Волхов,"Публичная геометка отчёта fishing-report.ru. нижний Волхов. Волхов. 4.10.21 рыбка поклевывает, с утра дубак руки замерзают, вода сильно ушла. Взял сколько нужно остальную отпускал.",,,,fishing-report.ru,https://fishing-report.ru/11593/,,11593
59.981464,31.384679,fishing,B,30,,2021-09-16,open_water,Кобона / южный берег,52.3,core,Кобона / южный берег,Публичная геометка отчёта fishing-report.ru. бухта Петрокрепость.,,,,fishing-report.ru,https://fishing-report.ru/10333/,,10333
60.186123,32.193626,fishing,B,30,,2021-08-31,open_water,Креницы / Волховская губа,10.7,core,Креницы / Волховская губа,Публичная геометка отчёта fishing-report.ru. Волховская губа. В субботу поехали на базу Креницы. Взяли пелу и в Ладогу. Ловили в заброс. Предыдущий массив: Ловля в заброс (геометка отчёта).,,,,fishing-report.ru,https://fishing-report.ru/8997/,,8997
60.130961,32.330439,fishing,B,30,Щука,2021-08-22,open_water,Новая Ладога / устье Волхова,3.6,core,Новая Ладога / устье Волхова,Публичная геометка отчёта fishing-report.ru. Волховская губа. Креницы Предыдущий массив: Щука (геометка отчёта).,,,,fishing-report.ru,https://fishing-report.ru/8392/,,8392
60.055375,32.341373,fishing,A,10,Лещ,2021-08-10,open_water,Нижний Волхов,6.0,core,Нижний Волхов,"Публичная геометка отчёта fishing-report.ru. нижний Волхов. Волхвов 2 мая сопа, клевала набегами. Предыдущий массив: Поляша — лещ (точный GPS из отчёта).",,,,fishing-report.ru,https://fishing-report.ru/7090/,,7090
60.283298,32.630563,fishing,B,30,Плотва,2021-08-10,open_water,Вороново,27.3,core,Вороново,"Публичная геометка отчёта fishing-report.ru. нижний Волхов. Волхов для нас с мужем остался непокоренным. В 11 смотали удочки и поехали на канал, он как всегда не подвёл. Фидер, опарыш. Времени потеряли много, но на сковородку наловили, голод утолила женщина ??! Ветер порывистый, рыб клюёт, но на крючок 1/10 попадается, осторожничает! Густера, плотва, размер съедобный!",,,,fishing-report.ru,https://fishing-report.ru/7087/,,7087
60.027601,31.509968,fishing,B,30,Налим,2021-03-20,ice,Кобона / южный берег,44.3,core,Кобона / южный берег,"Публичная геометка отчёта fishing-report.ru. бухта Петрокрепость. Я сегодня вам принёс не букет из роз мимоз, а букееетик из плоотвыыы. Рванул таки на не самую перспективную, но такую долгожданную рыбалку. В ночь за плотвой. За налимом только мечтаю сходить.. Тем кто не любит читать много букв, можно посмотреть короткое видео об этой рыбалке: https://youtu.be/8dm7EPcLUdo Ни проверенной информации, ни уверенности в успехе мероприятия не было, но было желание побывать в окрестностях Зеленцов, проведать матушку Ладогу. Школьный друг, который постепенно превращается в зимника, но до сих пор ходит с моими снастями и экипировкой, составил мне компанию. Для него это была первая ночная рыбалка на льду. Чуть дубу не дал в ночи, но ему понравилось. Пока ехали, погода шептала, как остановились в Кобоне на берегу, зарядила пурга. Да такая, что видимость упала до мин",,,,fishing-report.ru,https://fishing-report.ru/2368/,,2368
60.251624,31.873992,fishing,B,30,,2021-02-14,ice,Лигово,28.5,core,Лигово,Публичная геометка отчёта fishing-report.ru. Ладожское озеро. Сегодня.Ладога. Мороз.,,,,fishing-report.ru,https://fishing-report.ru/2051/,,2051
59.90869,31.473646,fishing,B,30,Окунь,2021-02-12,ice,Кобона / южный берег,50.5,core,Кобона / южный берег,"Публичная геометка отчёта fishing-report.ru. бухта Петрокрепость. Доброго времени суток, друзья! Сегодня вновь побывал на Южном берегу Ладожского озера, выходил на лёд в районе Верхней Шелудихи с твёрдым намерением ловить далеко от берега и от толпы выходного дня. Вот и ходил, искал. Весь день. А народ в тросте дзюбил. Некоторые как оказалось, очень удачно. Лёд подмерзает, но есть и живые трещины. Берегите себя, не рискуете напрасно, берите пешни, верёвку и спасалки» Полный отчёт с глубинами, приманками и уловом, можно подсмотреть тут: https://youtu.be/KjfPUI0Xhkc Сегодня многие не увидели и поклёвки, но есть и те, кто напорол. Рыба капризная. Погода шик. Как у вас сложился последний выход на лёд?",,,,fishing-report.ru,https://fishing-report.ru/1935/,,1935
59.907043,31.467525,fishing,B,30,Окунь,2021-02-12,ice,Кобона / южный берег,50.9,core,Кобона / южный берег,"Публичная геометка отчёта fishing-report.ru. бухта Петрокрепость. Всем привет из Санкт-Петербурга и с берега Ладожского озера! На излёте этого непростого года, решил устроить себе нетипичный понедельник. Посетил секретное» место ЮБЛО, на букву Ша. Возможно инфо будет полезна, тем кто ещё хочет успеть наловить на уху С самого начала, отскочил от тростника, но рыбу с помощью балансира и блесны, поймать не смог. Ближе к обеду, пошёл в берег, на грани тросты и открытой воды, качнул пару лунок. Есть пара трещин, но не не опасных, тем не менее, будьте осторожны. Лёд нормальный, отходил не далее 1 км, но были и те, кто ушёл дальше и там сгруппировался. Я к ним не пошёл, но несколько человек из тросты туда рванули, что поймали неизвестно. Окунь пассивный, надо уговаривать. Брал на долгой паузе. Мормышка одна выручила (пчёлка»), пришлось подбирать. Из двух десятк",,,,fishing-report.ru,https://fishing-report.ru/1931/,,1931
60.092493,32.306857,fishing,B,30,Щука,2021-01-09,ice,Нижний Волхов,1.4,core,Нижний Волхов,Публичная геометка отчёта fishing-report.ru. нижний Волхов. Поймали на Волхове на Спиннинг),,,,fishing-report.ru,https://fishing-report.ru/1122/,,1122
60.112347,32.333083,fishing,A,10,Лещ; Густера; Линь,2026-06-10,open_water,Новая Ладога / устье Волхова,2.4,core,Новая Ладога / устье Волхова,"Немятово, поплавок и червь; координаты локации опубликованы в тексте поста. Предыдущий массив: Немятово — лещ, густера, линь (точный GPS из отчёта).",,,,Telegram: Рыболовная сводка Спб,https://t.me/rybalka_spb_lenoblasti/24765,,24765
60.112389,32.332962,fishing,A,10,Щука,2025-09-20,open_water,Новая Ладога / устье Волхова,2.4,core,Новая Ладога / устье Волхова,Ново-Свирский канал у пересечения с Волховом; координаты локации опубликованы в тексте поста.,,"вертушка, с берега",,Telegram: Рыболовная сводка Спб,https://t.me/rybalka_spb_lenoblasti/19629,,19629
60.121145,32.29689,fishing,A,10,Плотва,2026-03-13,ice,Новая Ладога / устье Волхова,1.9,core,Новая Ладога / устье Волхова,"Креницы, 9 км; координаты опубликованы в тексте поста. Предыдущий массив: Креницы — плотва, 2.3 м (точный GPS из отчёта).",2.3 м,,,Telegram: Рыболовная сводка Спб,https://t.me/rybalka_spb_lenoblasti/23021,,23021
60.27479,32.066842,fishing,C,300,,,,о. Птинов,22.8,core,Варецкие банки,"Точка каталога района «Варецкие банки». В архиве 116 сообщений; это справочная повторяемость названия, а не 116 GPS-отчётов, поэтому в плотность добавлена одна точка C.",,,,ПКР / fisher.spb.ru,https://fisher.spb.ru/news/message-bycatalog.php?category=5&water=157,,water-157
60.234609,31.983349,fishing,C,300,,,,Дубно,22.5,core,Дубно,"Точка каталога района «Дубно». В архиве 960 сообщений; это справочная повторяемость названия, а не 960 GPS-отчётов, поэтому в плотность добавлена одна точка C.",,,,ПКР / fisher.spb.ru,https://fisher.spb.ru/news/message-bycatalog.php?category=5&water=161,,water-161
60.133145,32.284981,fishing,C,300,,,,Новая Ладога / устье Волхова,3.3,core,Креницы,"Точка каталога района «Креницы». В архиве 2986 сообщений; это справочная повторяемость названия, а не 2986 GPS-отчётов, поэтому в плотность добавлена одна точка C.",,,,ПКР / fisher.spb.ru,https://fisher.spb.ru/news/message-bycatalog.php?category=5&water=166,,water-166
60.240971,31.778853,fishing,C,300,,,,Лигово,32.3,core,Лигово,"Точка каталога района «Лигово». В архиве 671 сообщений; это справочная повторяемость названия, а не 671 GPS-отчётов, поэтому в плотность добавлена одна точка C.",,,,ПКР / fisher.spb.ru,https://fisher.spb.ru/news/message-bycatalog.php?category=5&water=172,,water-172
60.155861,32.337228,fishing,C,300,,,,Креницы / Волховская губа,6.3,core,Новая Ладога,"Точка каталога района «Новая Ладога». В архиве 338 сообщений; это справочная повторяемость названия, а не 338 GPS-отчётов, поэтому в плотность добавлена одна точка C.",,,,ПКР / fisher.spb.ru,https://fisher.spb.ru/news/message-bycatalog.php?category=5&water=175,,water-175
60.229273,32.085666,fishing,C,300,,,,о. Птинов,18.1,core,о-в Птинов,"Точка каталога района «о-в Птинов». В архиве 204 сообщений; это справочная повторяемость названия, а не 204 GPS-отчётов, поэтому в плотность добавлена одна точка C.",,,,ПКР / fisher.spb.ru,https://fisher.spb.ru/news/message-bycatalog.php?category=5&water=176,,water-176
60.197533,32.189567,fishing,A,10,Окунь,,,Креницы / Волховская губа,11.9,core,Креницы / Волховская губа,Координата восстановлена из ladoga_points_preliminary.csv предыдущего чата; исходная публичная ссылка в файле не сохранена. Креницы — окунь 18 кг,,,,Прежнее исследование (ChatGPT),,,prior-05
60.177483,32.252517,fishing,A,10,Окунь,,,Креницы / Волховская губа,8.5,core,Креницы / Волховская губа,Координата восстановлена из ladoga_points_preliminary.csv предыдущего чата; исходная публичная ссылка в файле не сохранена. Креницы — окунь,,,,Прежнее исследование (ChatGPT),,,prior-06
60.171933,32.27465,fishing,A,10,Плотва,,,Креницы / Волховская губа,7.7,core,Креницы / Волховская губа,Координата восстановлена из ladoga_points_preliminary.csv предыдущего чата; исходная публичная ссылка в файле не сохранена. Креницы — плотва,,,,Прежнее исследование (ChatGPT),,,prior-07
60.1565,32.278783,fishing,A,10,Плотва,,,Креницы / Волховская губа,5.9,core,Креницы / Волховская губа,Координата восстановлена из ladoga_points_preliminary.csv предыдущего чата; исходная публичная ссылка в файле не сохранена. Креницы — плотва,,,,Прежнее исследование (ChatGPT),,,prior-08
60.162306,32.292472,fishing,A,10,Плотва,,,Креницы / Волховская губа,6.5,core,Креницы / Волховская губа,Координата восстановлена из ladoga_points_preliminary.csv предыдущего чата; исходная публичная ссылка в файле не сохранена. Креницы — плотва 20 кг,,,,Прежнее исследование (ChatGPT),,,prior-09
60.207317,32.178383,fishing,A,10,Плотва,,,"Волховская губа, центр",13.2,core,Креницы / Волховская губа,Координата восстановлена из ladoga_points_preliminary.csv предыдущего чата; исходная публичная ссылка в файле не сохранена. Креницы — плотва ~40 кг,,,,Прежнее исследование (ChatGPT),,,prior-10
60.217083,32.181783,fishing,A,10,Плотва,,,"Волховская губа, центр",14.1,core,о. Птинов,Координата восстановлена из ladoga_points_preliminary.csv предыдущего чата; исходная публичная ссылка в файле не сохранена. Креницы — плотва,,,,Прежнее исследование (ChatGPT),,,prior-11
60.09417,32.31388,fishing,A,10,Лещ,,,Нижний Волхов,1.5,core,Нижний Волхов,Координата восстановлена из ladoga_points_preliminary.csv предыдущего чата; исходная публичная ссылка в файле не сохранена. Остров Ленина — лещ,,,,Прежнее исследование (ChatGPT),,,prior-16
60.082004,32.319865,fishing,A,10,Линь; Густера; Лещ,,,Нижний Волхов,2.8,core,Нижний Волхов,"Координата восстановлена из ladoga_points_preliminary.csv предыдущего чата; исходная публичная ссылка в файле не сохранена. Юшково — линь, густера, подлещик",,,,Прежнее исследование (ChatGPT),,,prior-17
60.077029,32.32236,fishing,A,10,Лещ; Синец,,,Нижний Волхов,3.4,core,Нижний Волхов,"Координата восстановлена из ladoga_points_preliminary.csv предыдущего чата; исходная публичная ссылка в файле не сохранена. Юшково — лещ, синец",,,,Прежнее исследование (ChatGPT),,,prior-18
60.052698,32.344409,fishing,A,10,Лещ; Густера; Линь,,,Нижний Волхов,6.3,core,Нижний Волхов,"Координата восстановлена из ladoga_points_preliminary.csv предыдущего чата; исходная публичная ссылка в файле не сохранена. Поляша — лещ, густера, линь",,,,Прежнее исследование (ChatGPT),,,prior-20
60.05031,32.344323,fishing,A,10,Плотва; Язь; Голавль,,,Нижний Волхов,6.6,core,Нижний Волхов,"Координата восстановлена из ladoga_points_preliminary.csv предыдущего чата; исходная публичная ссылка в файле не сохранена. Поляша — плотва, язь, голавль",,,,Прежнее исследование (ChatGPT),,,prior-21
60.051332,32.344224,fishing,A,10,Линь; Сом; Лещ,,,Нижний Волхов,6.5,core,Нижний Волхов,"Координата восстановлена из ladoga_points_preliminary.csv предыдущего чата; исходная публичная ссылка в файле не сохранена. Поляша — линь, сом / лещ",,,,Прежнее исследование (ChatGPT),,,prior-22
60.25366,32.07901,landmark,C,500,,,,о. Птинов,20.5,core,о. Птинов,Остров-ориентир в Волховской губе; вокруг него свалы и банки.,,,,Прежнее исследование (ChatGPT),,,landmark-ptinov
60.29833,32.10667,landmark,C,1500,,,,Варецкие банки,24.0,core,Варецкие банки,Протяжённая гряда мелей к северу от Птинова; точка — условный центр.,,,,Прежнее исследование (ChatGPT),,,landmark-varetskie
