source_id,latitude,longitude,fish,date,waterbody,source_url,original_source_url,included,inclusion_reason
934,60.298663,32.408142,Судак,2017-07-11,Ладожское озеро,https://ru.fishermap.org/location/934/,https://vk.com/wall-30527635_9236,true,Ладожское озеро
939,60.193632,32.171358,Щука; Окунь,2016-01-09,Ладожское озеро,https://ru.fishermap.org/location/939/,https://vk.com/wall-30527635_3351,true,Ладожское озеро
2219,60.440846,32.823029,Щука; Окунь,2019-09-27,,https://ru.fishermap.org/location/2219/,https://vk.com/wall-13425667_27877,false,"соседняя река/канал, верхний Волхов или неоднозначная внутренняя точка"
2229,60.311449,32.587162,Плотва,2019-03-02,Ладожское озеро,https://ru.fishermap.org/location/2229/,https://vk.com/wall-13425667_25029,true,Ладожское озеро
2236,59.972784,31.53913,Окунь,2018-12-18,Ладожское озеро; бухта Петрокрепость,https://ru.fishermap.org/location/2236/,https://vk.com/wall-13425667_23671,true,Ладожское озеро
2248,60.227002,32.135144,Окунь,2018-03-28,Ладожское озеро,https://ru.fishermap.org/location/2248/,https://vk.com/wall-13425667_21014,true,Ладожское озеро
2252,60.46125,32.795655,Щука,2017-12-24,Загубская губа,https://ru.fishermap.org/location/2252/,https://vk.com/wall-13425667_19287,true,Загубская губа без речной привязки
2265,60.465314,32.805344,Щука,2017-12-22,Загубская губа,https://ru.fishermap.org/location/2265/,https://vk.com/wall-13425667_19264,true,Загубская губа без речной привязки
2268,60.241982,31.949552,Окунь,2017-02-13,Ладожское озеро,https://ru.fishermap.org/location/2268/,https://vk.com/wall-13425667_16219,true,Ладожское озеро
2269,60.246687,32.003599,Окунь,2017-01-24,Ладожское озеро,https://ru.fishermap.org/location/2269/,https://vk.com/wall-13425667_15749,true,Ладожское озеро
2277,60.512406,32.714954,Окунь,2016-02-28,Ладожское озеро,https://ru.fishermap.org/location/2277/,https://vk.com/wall-13425667_11268,true,Ладожское озеро
2278,59.80084,32.946513,Налим; Рыбец (Сырть),2016-04-30,,https://ru.fishermap.org/location/2278/,https://vk.com/wall-13425667_12472,false,"соседняя река/канал, верхний Волхов или неоднозначная внутренняя точка"
2379,60.33340566,32.59986877,Плотва,2018-01-28,Ладожское озеро,https://ru.fishermap.org/location/2379/,https://vk.com/wall-13425667_19922,true,Ладожское озеро
2388,60.171751,32.203801,Плотва,2017-01-14,Ладожское озеро,https://ru.fishermap.org/location/2388/,https://vk.com/wall-13425667_15581,true,Ладожское озеро
2389,60.159002,32.22014,Окунь,2017-01-12,Ладожское озеро,https://ru.fishermap.org/location/2389/,https://vk.com/wall-13425667_15530,true,Ладожское озеро
2390,60.305559,32.590264,Окунь; Плотва,2017-01-10,Ладожское озеро,https://ru.fishermap.org/location/2390/,https://vk.com/wall-13425667_15481,true,Ладожское озеро
2401,60.310807,32.591105,Густера; Плотва,2017-03-02,Ладожское озеро,https://ru.fishermap.org/location/2401/,https://vk.com/wall-13425667_16537,true,Ладожское озеро
2402,60.205171,32.179475,Плотва,2017-02-06,Ладожское озеро,https://ru.fishermap.org/location/2402/,https://vk.com/wall-13425667_16097,true,Ладожское озеро
2485,60.274365,32.62844,Плотва,2019-04-30,Ладожское озеро,https://ru.fishermap.org/location/2485/,https://vk.com/wall-13425667_26064,true,Ладожское озеро
2851,60.081226,32.323061,Окунь,2018-06-13,Волхов,https://ru.fishermap.org/location/2851/,https://vk.com/wall-52390696_2848,true,нижний Волхов
2879,59.964667,31.525056,Окунь,2018-02-18,Ладожское озеро; бухта Петрокрепость,https://ru.fishermap.org/location/2879/,https://vk.com/wall-52390696_187,true,Ладожское озеро
2909,60.073141,32.332707,Жерех,2017-07-09,Волхов,https://ru.fishermap.org/location/2909/,https://vk.com/wall-62669564_10889,true,нижний Волхов
3551,60.131645,31.609533,Густера; Красноперка; Плотва,2019-05-20,Ладожское озеро,https://ru.fishermap.org/location/3551/,https://vk.com/wall-1707795_15138,true,Ладожское озеро
5581,60.435379,32.767295,Карась,2019-06-30,,https://ru.fishermap.org/location/5581/,https://vk.com/wall-78808262_93634,false,"соседняя река/канал, верхний Волхов или неоднозначная внутренняя точка"
5608,60.239054,32.136795,Густера; Окунь; Плотва,2019-03-17,Ладожское озеро,https://ru.fishermap.org/location/5608/,https://vk.com/wall-78808262_92870,true,Ладожское озеро
5622,60.050132,31.407762,Плотва,2018-02-16,Ладожское озеро; бухта Петрокрепость,https://ru.fishermap.org/location/5622/,https://vk.com/wall-78808262_88179,true,Ладожское озеро
5625,60.150018,32.297909,Плотва,2018-03-17,Ладожское озеро,https://ru.fishermap.org/location/5625/,https://vk.com/wall-78808262_88911,true,Ладожское озеро
5636,60.140461,31.615558,Плотва,2017-05-04,,https://ru.fishermap.org/location/5636/,https://vk.com/wall-78808262_82407,true,целевая прибрежная зона; водоём в метаданных не указан
6144,60.271413,31.949505,Судак,2014-06-02,Ладожское озеро,https://ru.fishermap.org/location/6144/,https://vk.com/wall-1707795_1937,true,Ладожское озеро
6146,59.98731073,31.43875122,Окунь,2014-02-05,Ладожское озеро; бухта Петрокрепость,https://ru.fishermap.org/location/6146/,https://vk.com/wall-1707795_1758,true,Ладожское озеро
6148,59.910907,31.480048,Окунь,2014-01-12,Ладожское озеро; бухта Петрокрепость,https://ru.fishermap.org/location/6148/,https://vk.com/wall-1707795_1674,true,Ладожское озеро
6150,60.088915,32.304618,Судак,2014-07-02,Волхов,https://ru.fishermap.org/location/6150/,https://vk.com/wall-1707795_2009,true,нижний Волхов
6158,60.188431,32.222266,Щука,2019-09-07,Ладожское озеро,https://ru.fishermap.org/location/6158/,https://vk.com/wall-1707795_15943,true,Ладожское озеро
6160,60.302495,32.604719,Судак,2019-06-23,Ладожское озеро,https://ru.fishermap.org/location/6160/,https://vk.com/wall-1707795_15424,true,Ладожское озеро
6162,60.120446,31.586564,Щука,2019-05-23,Ладожское озеро,https://ru.fishermap.org/location/6162/,https://vk.com/wall-1707795_15173,true,Ладожское озеро
6164,60.483548,32.841609,Окунь,2019-03-29,Волго-Балтийский канал; Свирь,https://ru.fishermap.org/location/6164/,https://vk.com/wall-1707795_14693,false,"соседняя река/канал, верхний Волхов или неоднозначная внутренняя точка"
6165,60.019048,31.441577,Рипус (Ряпушка),2019-02-24,Ладожское озеро; бухта Петрокрепость,https://ru.fishermap.org/location/6165/,https://vk.com/wall-1707795_14176,true,Ладожское озеро
6168,60.110724,31.528745,Щука; Окунь,2019-02-26,Ладожское озеро,https://ru.fishermap.org/location/6168/,https://vk.com/wall-1707795_14194,true,Ладожское озеро
6169,60.486467,32.814823,Щука,2019-02-02,Волго-Балтийский канал; Свирь,https://ru.fishermap.org/location/6169/,https://vk.com/wall-1707795_13813,false,"соседняя река/канал, верхний Волхов или неоднозначная внутренняя точка"
6170,59.981948,31.513851,Окунь,2018-12-24,Ладожское озеро; бухта Петрокрепость,https://ru.fishermap.org/location/6170/,https://vk.com/wall-1707795_13087,true,Ладожское озеро
6171,59.974345,31.524014,Окунь,2018-12-20,Ладожское озеро; бухта Петрокрепость,https://ru.fishermap.org/location/6171/,https://vk.com/wall-1707795_13013,true,Ладожское озеро
6172,59.936183,31.442239,Окунь,2018-12-16,Ладожское озеро; бухта Петрокрепость,https://ru.fishermap.org/location/6172/,https://vk.com/wall-1707795_12920,true,Ладожское озеро
6173,60.131684,32.231764,Щука,2018-12-13,Ладожское озеро,https://ru.fishermap.org/location/6173/,https://vk.com/wall-1707795_12843,true,Ладожское озеро
6174,60.120491,32.319319,Щука,2018-11-17,Волхов,https://ru.fishermap.org/location/6174/,https://vk.com/wall-1707795_12380,true,нижний Волхов
6175,60.254085,31.69197,Щука,2018-08-16,Ладожское озеро,https://ru.fishermap.org/location/6175/,https://vk.com/wall-1707795_11973,true,Ладожское озеро
6176,60.254115,31.692067,Щука,2018-08-16,Ладожское озеро,https://ru.fishermap.org/location/6176/,https://vk.com/wall-1707795_11955,true,Ладожское озеро
6179,60.025646,31.533428,Окунь,2018-05-15,Ладожское озеро; бухта Петрокрепость,https://ru.fishermap.org/location/6179/,https://vk.com/wall-1707795_10922,true,Ладожское озеро
6180,60.021826,31.486249,Окунь,2018-05-12,Ладожское озеро; бухта Петрокрепость,https://ru.fishermap.org/location/6180/,https://vk.com/wall-1707795_10890,true,Ладожское озеро
6183,60.342155,32.616426,Окунь,2018-02-16,Ладожское озеро,https://ru.fishermap.org/location/6183/,https://vk.com/wall-1707795_9630,true,Ладожское озеро
6184,59.997778,31.43971,Окунь,2018-01-29,Ладожское озеро; бухта Петрокрепость,https://ru.fishermap.org/location/6184/,https://vk.com/wall-1707795_9266,true,Ладожское озеро
6185,59.986953,31.531942,Окунь,2018-01-27,Ладожское озеро; бухта Петрокрепость,https://ru.fishermap.org/location/6185/,https://vk.com/wall-1707795_9175,true,Ладожское озеро
6187,60.480681,32.823847,Щука; Окунь,2018-01-27,Загубская губа; Волго-Балтийский канал; Свирь,https://ru.fishermap.org/location/6187/,https://vk.com/wall-1707795_9162,false,"соседняя река/канал, верхний Волхов или неоднозначная внутренняя точка"
6189,60.43314685,32.87315905,Щука,2017-07-19,,https://ru.fishermap.org/location/6189/,https://vk.com/wall-1707795_7794,false,"соседняя река/канал, верхний Волхов или неоднозначная внутренняя точка"
6191,60.175403,32.212548,Окунь; Плотва,2017-03-19,Ладожское озеро,https://ru.fishermap.org/location/6191/,https://vk.com/wall-1707795_6305,true,Ладожское озеро
6192,60.406806,32.090174,Окунь; Судак,2014-07-15,Ладожское озеро,https://ru.fishermap.org/location/6192/,https://vk.com/wall-1707795_2025,true,Ладожское озеро
6330,60.114413,32.24307,Карась,2019-08-12,,https://ru.fishermap.org/location/6330/,https://vk.com/wall-178041076_8244,true,целевая прибрежная зона; водоём в метаданных не указан
7027,60.118082,32.324377,Окунь; Судак,2018-09-08,Волхов,https://ru.fishermap.org/location/7027/,https://vk.com/wall-61270517_12729,true,нижний Волхов
7114,60.099401,32.310595,Щука,2018-08-18,Волхов,https://ru.fishermap.org/location/7114/,https://vk.com/wall-55049510_6447,true,нижний Волхов
9093,59.975496,31.524648,Окунь,2019-02-20,Ладожское озеро; бухта Петрокрепость,https://ru.fishermap.org/location/9093/,https://vk.com/wall-164158114_27317,true,Ладожское озеро
9097,60.192721,31.636649,Плотва,2019-03-05,Ладожское озеро,https://ru.fishermap.org/location/9097/,https://vk.com/wall-164158114_28896,true,Ладожское озеро
9101,60.135523,31.571449,Щука,2019-03-19,Ладожское озеро,https://ru.fishermap.org/location/9101/,https://vk.com/wall-164158114_30830,true,Ладожское озеро
9111,60.44651,32.90097,Карась; Плотва,2019-05-01,,https://ru.fishermap.org/location/9111/,https://vk.com/wall-164158114_39940,false,"соседняя река/канал, верхний Волхов или неоднозначная внутренняя точка"
9118,60.132292,31.589045,Плотва,2019-04-22,Ладожское озеро,https://ru.fishermap.org/location/9118/,https://vk.com/wall-164158114_37960,true,Ладожское озеро
9137,59.93920359,32.13354528,Карась,2019-05-23,,https://ru.fishermap.org/location/9137/,https://vk.com/wall-164158114_47136,false,"соседняя река/канал, верхний Волхов или неоднозначная внутренняя точка"
9145,60.08044339,32.32444346,Густера; Елец; Лещ,2019-05-26,Волхов,https://ru.fishermap.org/location/9145/,https://vk.com/wall-164158114_46757,true,нижний Волхов
9173,60.288713,32.545015,Судак,2019-06-22,Ладожское озеро,https://ru.fishermap.org/location/9173/,https://vk.com/wall-164158114_54707,true,Ладожское озеро
9189,60.160774,32.241598,Щука,2019-07-07,Ладожское озеро,https://ru.fishermap.org/location/9189/,https://vk.com/wall-164158114_59435,true,Ладожское озеро
9206,60.02312866,31.54912412,Щука,2019-07-16,бухта Петрокрепость,https://ru.fishermap.org/location/9206/,https://vk.com/wall-164158114_62057,true,бухта Петрокрепость
9212,60.095423,32.315172,Язь,2019-07-20,Волхов,https://ru.fishermap.org/location/9212/,https://vk.com/wall-164158114_63136,true,нижний Волхов
9231,60.129187,31.607879,Щука; Окунь,2019-07-27,Ладожское озеро,https://ru.fishermap.org/location/9231/,https://vk.com/wall-164158114_65210,true,Ладожское озеро
9247,59.959735,32.33974,Лещ,2019-08-12,Волхов,https://ru.fishermap.org/location/9247/,https://vk.com/wall-164158114_69555,false,"соседняя река/канал, верхний Волхов или неоднозначная внутренняя точка"
9268,60.146076,31.619132,Судак,2019-08-27,,https://ru.fishermap.org/location/9268/,https://vk.com/wall-164158114_73745,true,целевая прибрежная зона; водоём в метаданных не указан
9275,60.211948,32.208028,Щука,2019-09-08,Ладожское озеро,https://ru.fishermap.org/location/9275/,https://vk.com/wall-164158114_77249,true,Ладожское озеро
9280,60.260922,32.641088,Щука; Окунь; Линь,2019-09-14,,https://ru.fishermap.org/location/9280/,https://vk.com/wall-164158114_79146,true,целевая прибрежная зона; водоём в метаданных не указан
9301,60.095294,32.315008,Лещ,2019-10-14,Волхов,https://ru.fishermap.org/location/9301/,https://vk.com/wall-164158114_87337,true,нижний Волхов
9304,60.483933,32.823661,Окунь,2019-11-02,Загубская губа; Волго-Балтийский канал; Свирь,https://ru.fishermap.org/location/9304/,https://vk.com/wall-164158114_92182,false,"соседняя река/канал, верхний Волхов или неоднозначная внутренняя точка"
10629,60.13500888,31.60938263,Окунь,2019-10-01,Ладожское озеро,https://ru.fishermap.org/location/10629/,https://vk.com/wall-165396959_263298,true,Ладожское озеро
10705,60.113432,32.287226,Окунь,2019-09-29,,https://ru.fishermap.org/location/10705/,https://vk.com/wall-114375980_129571,true,целевая прибрежная зона; водоём в метаданных не указан
11075,60.121404,31.563588,Щука,2019-07-05,Ладожское озеро,https://ru.fishermap.org/location/11075/,https://vk.com/wall-150246881_299609,true,Ладожское озеро
11471,59.921626,32.340164,Рыбец (Сырть),2019-07-22,Волхов,https://ru.fishermap.org/location/11471/,https://vk.com/wall-294312_1187462,false,"соседняя река/канал, верхний Волхов или неоднозначная внутренняя точка"
11480,60.104283,32.272784,Карась,2019-08-12,,https://ru.fishermap.org/location/11480/,https://vk.com/wall-294312_1191671,true,целевая прибрежная зона; водоём в метаданных не указан
11621,60.10201304,32.3260206,Судак,2019-08-17,Волхов,https://ru.fishermap.org/location/11621/,https://vk.com/wall-161376023_215999,true,нижний Волхов
11684,60.110836,32.325533,Щука,2019-10-23,Волхов,https://ru.fishermap.org/location/11684/,https://vk.com/wall-56433000_2005158,true,нижний Волхов
13142,60.191962,32.223892,Щука,2019-09-09,Ладожское озеро,https://ru.fishermap.org/location/13142/,https://vk.com/wall-52321266_491861,true,Ладожское озеро
13175,60.12697277,31.60388947,Окунь,2019-11-26,Ладожское озеро,https://ru.fishermap.org/location/13175/,https://vk.com/wall-52321266_507697,true,Ладожское озеро
13400,60.453156,32.811084,Плотва,2019-05-15,Загубская губа,https://ru.fishermap.org/location/13400/,https://vk.com/wall-10618634_376552,true,Загубская губа без речной привязки
13409,60.267281,32.048983,Щука,2019-06-03,Ладожское озеро,https://ru.fishermap.org/location/13409/,https://vk.com/wall-10618634_379666,true,Ладожское озеро
13412,60.207024,32.204395,Щука,2019-06-08,Ладожское озеро,https://ru.fishermap.org/location/13412/,https://vk.com/wall-10618634_380875,true,Ладожское озеро
13423,60.1155564,32.33851433,Щука,2019-07-24,Волхов,https://ru.fishermap.org/location/13423/,https://vk.com/wall-10618634_388731,true,нижний Волхов
13429,60.013785,32.324611,Густера; Лещ,2019-06-18,Волхов,https://ru.fishermap.org/location/13429/,https://vk.com/wall-10618634_382527,false,"соседняя река/канал, верхний Волхов или неоднозначная внутренняя точка"
13439,60.011947,32.325845,Лещ,2019-10-17,Волхов,https://ru.fishermap.org/location/13439/,https://vk.com/wall-10618634_395985,false,"соседняя река/канал, верхний Волхов или неоднозначная внутренняя точка"
13441,60.068341,32.338351,Лещ,2019-09-17,Волхов,https://ru.fishermap.org/location/13441/,https://vk.com/wall-10618634_393580,true,нижний Волхов
14097,60.120745,32.318611,Щука; Карп; Лещ,2019-09-02,Волхов,https://ru.fishermap.org/location/14097/,https://vk.com/wall-47864815_4174,true,нижний Волхов
14098,60.15183,32.258078,Щука; Окунь,2019-09-05,Ладожское озеро,https://ru.fishermap.org/location/14098/,https://vk.com/wall-47864815_4211,true,Ладожское озеро
14369,60.100498,32.313622,Лещ,2016-05-22,Волхов,https://ru.fishermap.org/location/14369/,https://vk.com/wall-1610594_16023,true,нижний Волхов
14383,60.10428,31.535041,Плотва,2016-12-24,Ладожское озеро,https://ru.fishermap.org/location/14383/,https://vk.com/wall-1610594_18615,true,Ладожское озеро
14815,60.013385,32.323682,Лещ,2017-12-28,Волхов,https://ru.fishermap.org/location/14815/,https://vk.com/wall-158579727_35,false,"соседняя река/канал, верхний Волхов или неоднозначная внутренняя точка"
15368,60.165785,32.248314,Щука,2019-06-17,Ладожское озеро,https://ru.fishermap.org/location/15368/,https://vk.com/wall-162151399_14998,true,Ладожское озеро
15377,59.946064,31.578757,Щука; Лещ,2019-06-28,,https://ru.fishermap.org/location/15377/,https://vk.com/wall-162151399_17557,true,целевая прибрежная зона; водоём в метаданных не указан
15385,59.982637,31.55379,Щука; Судак,2019-07-07,Ладожское озеро; бухта Петрокрепость,https://ru.fishermap.org/location/15385/,https://vk.com/wall-162151399_18909,true,Ладожское озеро
15386,60.20561,32.41823,Судак,2019-07-08,Ладожское озеро,https://ru.fishermap.org/location/15386/,https://vk.com/wall-162151399_19155,true,Ладожское озеро
15389,60.213908,32.2246,Щука; Судак,2019-07-12,Ладожское озеро,https://ru.fishermap.org/location/15389/,https://vk.com/wall-162151399_19843,true,Ладожское озеро
15393,60.150206,31.622075,Щука,2019-07-14,,https://ru.fishermap.org/location/15393/,https://vk.com/wall-162151399_20292,true,целевая прибрежная зона; водоём в метаданных не указан
15397,60.213078,32.448773,Щука; Судак,2019-07-15,Ладожское озеро,https://ru.fishermap.org/location/15397/,https://vk.com/wall-162151399_20512,true,Ладожское озеро
15404,59.88101303,31.81617022,Щука,2019-07-21,,https://ru.fishermap.org/location/15404/,https://vk.com/wall-162151399_21547,false,"соседняя река/канал, верхний Волхов или неоднозначная внутренняя точка"
15405,59.946032,31.578957,Щука,2019-07-22,,https://ru.fishermap.org/location/15405/,https://vk.com/wall-162151399_21636,true,целевая прибрежная зона; водоём в метаданных не указан
15407,60.083858,32.30831,Лещ; Сом,2019-07-28,Волхов,https://ru.fishermap.org/location/15407/,https://vk.com/wall-162151399_22765,true,нижний Волхов
15415,60.238105,31.97625,Окунь,2019-08-08,Ладожское озеро,https://ru.fishermap.org/location/15415/,https://vk.com/wall-162151399_24106,true,Ладожское озеро
15421,60.097415,32.310195,Щука; Судак,2019-08-12,Волхов,https://ru.fishermap.org/location/15421/,https://vk.com/wall-162151399_24395,true,нижний Волхов
15443,60.153482,32.484413,Щука; Судак,2019-10-01,Ладожское озеро,https://ru.fishermap.org/location/15443/,https://vk.com/wall-162151399_28467,true,Ладожское озеро
15447,59.981745,31.4043,Щука; Окунь,2019-10-18,Ладожское озеро; бухта Петрокрепость,https://ru.fishermap.org/location/15447/,https://vk.com/wall-162151399_29938,true,Ладожское озеро
15453,60.232853,32.055904,Щука; Голавль; Окунь,2019-11-26,Ладожское озеро,https://ru.fishermap.org/location/15453/,https://vk.com/wall-162151399_34100,true,Ладожское озеро
16225,59.985343,31.526859,Щука,2017-09-27,Ладожское озеро; бухта Петрокрепость,https://ru.fishermap.org/location/16225/,https://vk.com/wall-21779973_76078,true,Ладожское озеро
16228,60.127233,31.595003,Окунь,2017-12-24,Ладожское озеро,https://ru.fishermap.org/location/16228/,https://vk.com/wall-21779973_78094,true,Ладожское озеро
16230,59.979758,31.494377,Окунь; Плотва,2018-01-23,Ладожское озеро; бухта Петрокрепость,https://ru.fishermap.org/location/16230/,https://vk.com/wall-21779973_79411,true,Ладожское озеро
16235,60.141119,32.215248,Щука,2018-02-17,Ладожское озеро,https://ru.fishermap.org/location/16235/,https://vk.com/wall-21779973_81235,true,Ладожское озеро
16240,60.188581,32.172667,Окунь,2018-03-29,Ладожское озеро,https://ru.fishermap.org/location/16240/,https://vk.com/wall-21779973_83367,true,Ладожское озеро
16243,60.269817,32.609065,Лещ; Плотва,2018-04-07,Ладожское озеро,https://ru.fishermap.org/location/16243/,https://vk.com/wall-21779973_83933,true,Ладожское озеро
16244,60.04905,32.344292,Лещ,2018-08-02,Волхов,https://ru.fishermap.org/location/16244/,https://vk.com/wall-21779973_85295,true,нижний Волхов
16245,60.028505,31.452973,Окунь,2019-02-16,Ладожское озеро; бухта Петрокрепость,https://ru.fishermap.org/location/16245/,https://vk.com/wall-21779973_88393,true,Ладожское озеро
16246,60.015231,31.407798,Плотва,2019-03-26,Ладожское озеро; бухта Петрокрепость,https://ru.fishermap.org/location/16246/,https://vk.com/wall-21779973_89247,true,Ладожское озеро
16559,59.97432,31.511137,Окунь,2018-12-16,Ладожское озеро; бухта Петрокрепость,https://ru.fishermap.org/location/16559/,https://vk.com/wall-114375980_108144,true,Ладожское озеро
16562,59.974928,31.517438,Окунь,2018-12-19,Ладожское озеро; бухта Петрокрепость,https://ru.fishermap.org/location/16562/,https://vk.com/wall-114375980_108435,true,Ладожское озеро
16563,60.483772,32.819193,Окунь,2018-12-23,Загубская губа; Волго-Балтийский канал; Свирь,https://ru.fishermap.org/location/16563/,https://vk.com/wall-114375980_109100,false,"соседняя река/канал, верхний Волхов или неоднозначная внутренняя точка"
16564,59.978596,31.52809,Окунь,2018-12-26,Ладожское озеро; бухта Петрокрепость,https://ru.fishermap.org/location/16564/,https://vk.com/wall-114375980_109435,true,Ладожское озеро
16566,60.480738,32.827686,Щука; Окунь,2019-01-02,Загубская губа; Волго-Балтийский канал; Свирь,https://ru.fishermap.org/location/16566/,https://vk.com/wall-114375980_109896,false,"соседняя река/канал, верхний Волхов или неоднозначная внутренняя точка"
16567,60.184477,32.214768,Окунь,2019-01-07,Ладожское озеро,https://ru.fishermap.org/location/16567/,https://vk.com/wall-114375980_110444,true,Ладожское озеро
16574,60.187433,31.633171,Налим; Плотва,2019-02-01,Ладожское озеро,https://ru.fishermap.org/location/16574/,https://vk.com/wall-114375980_113829,true,Ладожское озеро
16590,60.254021,31.691589,Щука; Судак,2018-08-27,Ладожское озеро,https://ru.fishermap.org/location/16590/,https://vk.com/wall-114375980_120331,true,Ладожское озеро
16595,60.226807,31.788919,Щука; Язь; Плотва,2019-04-22,Ладожское озеро,https://ru.fishermap.org/location/16595/,https://vk.com/wall-114375980_121684,true,Ладожское озеро
16600,59.888722,31.727221,Карась,2019-04-28,,https://ru.fishermap.org/location/16600/,https://vk.com/wall-114375980_122157,false,"соседняя река/канал, верхний Волхов или неоднозначная внутренняя точка"
16604,60.064805,32.345053,Язь; Лещ,2019-05-09,Волхов,https://ru.fishermap.org/location/16604/,https://vk.com/wall-114375980_122793,true,нижний Волхов
16626,60.148447,32.242821,Окунь; Судак,2019-08-13,Ладожское озеро,https://ru.fishermap.org/location/16626/,https://vk.com/wall-114375980_127858,true,Ладожское озеро
16632,60.037685,32.340819,Лещ,2019-09-01,Волхов,https://ru.fishermap.org/location/16632/,https://vk.com/wall-114375980_128600,false,"соседняя река/канал, верхний Волхов или неоднозначная внутренняя точка"
16637,60.225864,31.982064,Щука,2019-09-11,Ладожское озеро,https://ru.fishermap.org/location/16637/,https://vk.com/wall-114375980_129013,true,Ладожское озеро
20067,60.13091667,32.33388611,Густера; Плотва,2019-08-09,Волхов,https://ru.fishermap.org/location/20067/,http://fishingmaniya.ru,true,нижний Волхов
20188,60.225408,32.129243,Окунь,2022-01-04,Ладожское озеро,https://ru.fishermap.org/location/20188/,https://vk.com/public1707795?w=wall-1707795_46030,true,Ладожское озеро
20191,60.119097,32.340207,Плотва,2022-04-06,Волхов,https://ru.fishermap.org/location/20191/,https://vk.com/public1707795?w=wall-1707795_49346,true,нижний Волхов
20195,60.285915,32.601296,Густера; Налим; Плотва,2022-11-29,Ладожское озеро,https://ru.fishermap.org/location/20195/,https://vk.com/public1707795?w=wall-1707795_53274,true,Ладожское озеро
20200,60.021502,31.475682,Окунь; Сиг,2023-01-14,Ладожское озеро; бухта Петрокрепость,https://ru.fishermap.org/location/20200/,https://vk.com/public1707795?w=wall-1707795_55955,true,Ладожское озеро
20204,60.129703,32.242394,Щука,2023-02-05,Ладожское озеро,https://ru.fishermap.org/location/20204/,https://vk.com/public1707795?w=wall-1707795_57024,true,Ладожское озеро
20205,60.028511,31.469672,Окунь; Плотва,2023-02-15,Ладожское озеро; бухта Петрокрепость,https://ru.fishermap.org/location/20205/,https://vk.com/public1707795?w=wall-1707795_57457,true,Ладожское озеро
20206,60.132812,32.239792,Щука,2023-02-16,Ладожское озеро,https://ru.fishermap.org/location/20206/,https://vk.com/public1707795?w=wall-1707795_57494,true,Ладожское озеро
20207,60.070309,31.382218,Окунь,2023-02-25,Ладожское озеро; бухта Петрокрепость,https://ru.fishermap.org/location/20207/,https://vk.com/public1707795?w=wall-1707795_57778,true,Ладожское озеро
20209,60.028196,31.529794,Плотва,2023-04-04,Ладожское озеро; бухта Петрокрепость,https://ru.fishermap.org/location/20209/,https://vk.com/public162151399?w=wall-162151399_195313,true,Ладожское озеро
20215,60.058404,32.339714,Лещ,2023-09-17,Волхов,https://ru.fishermap.org/location/20215/,https://vk.com/public162151399?w=wall-162151399_206870,true,нижний Волхов
20239,60.135595,32.455839,Лещ,2021-05-10,,https://ru.fishermap.org/location/20239/,https://vk.com/public189584782?w=wall-189584782_24003,true,целевая прибрежная зона; водоём в метаданных не указан
20271,60.105391,31.57502,Окунь; Плотва,2022-02-12,Ладожское озеро,https://ru.fishermap.org/location/20271/,https://vk.com/public76517308?w=wall-76517308_12367,true,Ладожское озеро
20272,60.041804,32.336191,Белоглазка,2022-05-05,Волхов,https://ru.fishermap.org/location/20272/,https://vk.com/public76517308?w=wall-76517308_13443,false,"соседняя река/канал, верхний Волхов или неоднозначная внутренняя точка"
20283,60.11502,32.306801,Карась,2023-05-12,,https://ru.fishermap.org/location/20283/,https://vk.com/public10618634?w=wall-10618634_486664,true,целевая прибрежная зона; водоём в метаданных не указан
20284,60.085507,32.314274,Карась,2023-05-12,Волхов,https://ru.fishermap.org/location/20284/,https://vk.com/public10618634?w=wall-10618634_486720,true,нижний Волхов
20289,59.9732,32.337608,Лещ,2023-11-01,Волхов,https://ru.fishermap.org/location/20289/,https://vk.com/public10618634?w=wall-10618634_500440,false,"соседняя река/канал, верхний Волхов или неоднозначная внутренняя точка"
20290,59.973197,32.337905,Судак,2023-11-03,Волхов,https://ru.fishermap.org/location/20290/,https://vk.com/public10618634?w=wall-10618634_500550,false,"соседняя река/канал, верхний Волхов или неоднозначная внутренняя точка"
20292,60.262203,31.943687,Окунь,2024-02-10,Ладожское озеро,https://ru.fishermap.org/location/20292/,https://vk.com/public10618634?w=wall-10618634_508414,true,Ладожское озеро
20303,59.978608,31.418379,Окунь; Плотва,2023-12-17,Ладожское озеро; бухта Петрокрепость,https://ru.fishermap.org/location/20303/,https://vk.com/public204282817?w=wall-204282817_26750,true,Ладожское озеро
20306,60.029512,31.508122,Плотва,2024-03-11,Ладожское озеро; бухта Петрокрепость,https://ru.fishermap.org/location/20306/,https://vk.com/public52321266?w=wall-52321266_718888,true,Ладожское озеро
20307,59.977616,31.718685,Щука,2022-05-27,,https://ru.fishermap.org/location/20307/,https://vk.com/public47864815?w=wall-47864815_12388,true,целевая прибрежная зона; водоём в метаданных не указан
20309,59.970612,32.339397,Лещ,2023-07-18,Волхов,https://ru.fishermap.org/location/20309/,https://vk.com/public1707795?w=wall-1707795_62153,false,"соседняя река/канал, верхний Волхов или неоднозначная внутренняя точка"
20310,60.268015,32.321594,Судак,2023-07-31,Ладожское озеро,https://ru.fishermap.org/location/20310/,https://vk.com/public1707795?w=wall-1707795_62285,true,Ладожское озеро
20311,60.146112,32.306103,Окунь; Щука,2023-09-04,Ладожское озеро,https://ru.fishermap.org/location/20311/,https://vk.com/public1707795?w=wall-1707795_62598,true,Ладожское озеро
20313,60.027102,31.490503,Плотва,2023-12-09,Ладожское озеро; бухта Петрокрепость,https://ru.fishermap.org/location/20313/,https://vk.com/public1707795?w=wall-1707795_63773,true,Ладожское озеро
20314,60.181919,32.176908,Щука,2023-12-16,Ладожское озеро,https://ru.fishermap.org/location/20314/,https://vk.com/public1707795?w=wall-1707795_64009,true,Ладожское озеро
20315,60.024504,31.495277,Окунь,2024-01-27,Ладожское озеро; бухта Петрокрепость,https://ru.fishermap.org/location/20315/,https://vk.com/public1707795?w=wall-1707795_65280,true,Ладожское озеро
20319,60.051801,31.412675,Окунь; Плотва,2024-02-21,Ладожское озеро; бухта Петрокрепость,https://ru.fishermap.org/location/20319/,https://vk.com/public1707795?w=wall-1707795_65976,true,Ладожское озеро
20321,60.185097,32.173108,Плотва; Щука,2024-03-13,Ладожское озеро,https://ru.fishermap.org/location/20321/,https://vk.com/public1707795?w=wall-1707795_66745,true,Ладожское озеро
20322,60.161998,32.21751,Плотва,2024-03-19,Ладожское озеро,https://ru.fishermap.org/location/20322/,https://vk.com/public1707795?w=wall-1707795_66937,true,Ладожское озеро
20324,60.178317,31.667315,Щука,2024-02-21,,https://ru.fishermap.org/location/20324/,https://vk.com/public162151399?w=wall-162151399_214865,true,целевая прибрежная зона; водоём в метаданных не указан
21215,60.131007,31.608684,Густера,2024-06-07,Ладожское озеро,https://ru.fishermap.org/location/21215/,https://vk.com/public130350672?w=wall-130350672_11330,true,Ладожское озеро
21258,60.483011,32.921424,Окунь; Щука,2024-10-19,Паша; Волго-Балтийский канал,https://ru.fishermap.org/location/21258/,https://vk.com/public1707795?w=wall-1707795_68578,false,"соседняя река/канал, верхний Волхов или неоднозначная внутренняя точка"
21259,60.012398,32.320984,Лещ,2024-10-02,Волхов,https://ru.fishermap.org/location/21259/,https://vk.com/public7871660?w=wall-7871660_14129,false,"соседняя река/канал, верхний Волхов или неоднозначная внутренняя точка"
