marker_id,latitude,longitude,fish,source,source_url,source_id,date,sector,confidence_class,reports_count,published_rows,comment,depth,method,catch,nearest_landmark,landmark_distance_km,distance_from_novaya_ladoga_km,context_reports_count
P001,60.298663,32.408142,Судак,FisherMap,https://ru.fishermap.org/location/934/,934,2017-07-11,Вороново,B,1,1,Публичная геометка рыболовного отчёта FisherMap. Ладожское озеро.,,,,Вороново,10.738,22.577,
P002,60.193632,32.171358,Окунь; Щука,FisherMap,https://ru.fishermap.org/location/939/,939,2016-01-09,Креницы / Волховская губа,B,1,1,Публичная геометка рыболовного отчёта FisherMap. Ладожское озеро.,,,,Креницы / Волховская губа,6.166,12.084,
P003,60.311449,32.587162,Плотва,FisherMap,https://ru.fishermap.org/location/2229/,2229,2019-03-02,Вороново,B,1,1,Публичная геометка рыболовного отчёта FisherMap. Ладожское озеро.,,,,Вороново,2.944,28.213,
P004,59.972784,31.53913,Окунь,FisherMap,https://ru.fishermap.org/location/2236/,2236,2018-12-18,Кобона / южный берег,B,1,1,Публичная геометка рыболовного отчёта FisherMap. Ладожское озеро.,,,,Кобона / южный берег,6.391,44.375,
P005,60.227002,32.135144,Окунь,FisherMap,https://ru.fishermap.org/location/2248/,2248,2018-03-28,о. Птинов,B,1,1,Публичная геометка рыболовного отчёта FisherMap. Ладожское озеро. Предыдущий массив: Окунь (FisherMap).,,,,о. Птинов,4.288,16.283,
P006,60.46125,32.795655,Щука,FisherMap,https://ru.fishermap.org/location/2252/,2252,2017-12-24,Свирица / Загубская губа,B,1,1,Публичная геометка рыболовного отчёта FisherMap. Загубская губа без речной привязки.,,,,Свирица / Загубская губа,1.829,48.428,
P007,60.465314,32.805344,Щука,FisherMap,https://ru.fishermap.org/location/2265/,2265,2017-12-22,Свирица / Загубская губа,B,1,1,Публичная геометка рыболовного отчёта FisherMap. Загубская губа без речной привязки.,,,,Свирица / Загубская губа,1.883,49.103,
P008,60.241982,31.949552,Окунь,FisherMap,https://ru.fishermap.org/location/2268/,2268,2017-02-13,Дубно,B,1,1,Публичная геометка рыболовного отчёта FisherMap. Ладожское озеро.,,,,Дубно,2.038,24.48,
P009,60.246687,32.003599,Окунь,FisherMap,https://ru.fishermap.org/location/2269/,2269,2017-01-24,Дубно,B,1,1,Публичная геометка рыболовного отчёта FisherMap. Ладожское озеро.,,,,Дубно,1.747,22.597,
P010,60.512406,32.714954,Окунь,FisherMap,https://ru.fishermap.org/location/2277/,2277,2016-02-28,Свирица / Загубская губа,B,1,1,Публичная геометка рыболовного отчёта FisherMap. Ладожское озеро.,,,,Свирица / Загубская губа,9.015,51.018,
P011,60.333406,32.599869,Плотва,FisherMap,https://ru.fishermap.org/location/2379/,2379,2018-01-28,Вороново,B,1,1,Публичная геометка рыболовного отчёта FisherMap. Ладожское озеро.,,,,Вороново,5.281,30.623,
P012,60.171751,32.203801,Плотва,FisherMap,https://ru.fishermap.org/location/2388/,2388,2017-01-14,Креницы / Волховская губа,B,1,1,Публичная геометка рыболовного отчёта FisherMap. Ладожское озеро.,,,,Креницы / Волховская губа,3.372,9.065,
P013,60.159002,32.22014,Окунь,FisherMap,https://ru.fishermap.org/location/2389/,2389,2017-01-12,Креницы / Волховская губа,B,1,1,Публичная геометка рыболовного отчёта FisherMap. Ладожское озеро.,,,,Креницы / Волховская губа,2.208,7.384,
P014,60.305559,32.590264,Окунь; Плотва,FisherMap,https://ru.fishermap.org/location/2390/,2390,2017-01-10,Вороново,B,1,1,Публичная геометка рыболовного отчёта FisherMap. Ладожское озеро.,,,,Вороново,2.267,27.78,
P015,60.310807,32.591105,Густера; Плотва,FisherMap,https://ru.fishermap.org/location/2401/,2401,2017-03-02,Вороново,B,1,1,Публичная геометка рыболовного отчёта FisherMap. Ладожское озеро.,,,,Вороново,2.824,28.28,
P016,60.205171,32.179475,Плотва,FisherMap,https://ru.fishermap.org/location/2402/,2402,2017-02-06,Креницы / Волховская губа,B,1,1,Публичная геометка рыболовного отчёта FisherMap. Ладожское озеро.,,,,Креницы / Волховская губа,6.712,12.939,
P017,60.274365,32.62844,Плотва,FisherMap,https://ru.fishermap.org/location/2485/,2485,2019-04-30,Вороново,B,1,1,Публичная геометка рыболовного отчёта FisherMap. Ладожское озеро.,,,,Вороново,1.972,26.494,
P018,60.081226,32.323061,Окунь,FisherMap,https://ru.fishermap.org/location/2851/,2851,2018-06-13,Нижний Волхов,B,1,1,Публичная геометка рыболовного отчёта FisherMap. нижний Волхов.,,,,Нижний Волхов,0.885,2.975,
P019,59.964667,31.525056,Окунь,FisherMap,https://ru.fishermap.org/location/2879/,2879,2018-02-18,Кобона / южный берег,B,1,1,Публичная геометка рыболовного отчёта FisherMap. Ладожское озеро.,,,,Кобона / южный берег,7.396,45.418,
P020,60.073141,32.332707,Жерех,FisherMap,https://ru.fishermap.org/location/2909/,2909,2017-07-09,Нижний Волхов,B,1,1,Публичная геометка рыболовного отчёта FisherMap. нижний Волхов.,,,,Нижний Волхов,0.207,4.021,
P021,60.131645,31.609533,Густера; Красноперка; Плотва,FisherMap,https://ru.fishermap.org/location/3551/,3551,2019-05-20,Шлиссельбург / бухта Петрокрепость,B,1,1,Публичная геометка рыболовного отчёта FisherMap. Ладожское озеро.,,,,Шлиссельбург / бухта Петрокрепость,1.295,38.045,
P022,60.239054,32.136795,Густера; Окунь; Плотва,FisherMap,https://ru.fishermap.org/location/5608/,5608,2019-03-17,о. Птинов,B,1,1,"Публичная геометка рыболовного отчёта FisherMap. Ладожское озеро. Предыдущий массив: Густера, окунь, плотва (FisherMap).",,,,о. Птинов,3.579,17.38,
P023,60.050132,31.407762,Плотва,FisherMap,https://ru.fishermap.org/location/5622/,5622,2018-02-16,Кобона / южный берег,B,1,1,Публичная геометка рыболовного отчёта FisherMap. Ладожское озеро.,,,,Кобона / южный берег,8.21,49.516,
P024,60.150018,32.297909,Плотва,FisherMap,https://ru.fishermap.org/location/5625/,5625,2018-03-17,Креницы / Волховская губа,B,1,1,Публичная геометка рыболовного отчёта FisherMap. Ладожское озеро.,,,,Креницы / Волховская губа,2.373,5.154,
P025,60.140461,31.615558,Плотва,FisherMap,https://ru.fishermap.org/location/5636/,5636,2017-05-04,Шлиссельбург / бухта Петрокрепость,B,1,1,Публичная геометка рыболовного отчёта FisherMap. целевая прибрежная зона; водоём в метаданных не указан.,,,,Шлиссельбург / бухта Петрокрепость,2.296,37.801,
P026,60.271413,31.949505,Судак,FisherMap,https://ru.fishermap.org/location/6144/,6144,2014-06-02,Дубно,B,1,1,Публичная геометка рыболовного отчёта FisherMap. Ладожское озеро.,,,,Дубно,4.498,26.653,
P027,59.987311,31.438751,Окунь,FisherMap,https://ru.fishermap.org/location/6146/,6146,2014-02-05,Кобона / южный берег,B,1,1,Публичная геометка рыболовного отчёта FisherMap. Ладожское озеро.,,,,Кобона / южный берег,7.795,49.215,
P028,59.910907,31.480048,Окунь,FisherMap,https://ru.fishermap.org/location/6148/,6148,2014-01-12,Кобона / южный берег,B,1,1,Публичная геометка рыболовного отчёта FisherMap. Ладожское озеро.,,,,Кобона / южный берег,13.803,50.065,
P029,60.088915,32.304618,Судак,FisherMap,https://ru.fishermap.org/location/6150/,6150,2014-07-02,Нижний Волхов,B,1,1,Публичная геометка рыболовного отчёта FisherMap. нижний Волхов.,,,,Нижний Волхов,2.207,1.748,
P030,60.188431,32.222266,Щука,FisherMap,https://ru.fishermap.org/location/6158/,6158,2019-09-07,Креницы / Волховская губа,B,1,1,Публичная геометка рыболовного отчёта FisherMap. Ладожское озеро. Предыдущий массив: Щука (FisherMap).,,,,Креницы / Волховская губа,3.788,10.223,
P031,60.302495,32.604719,Судак,FisherMap,https://ru.fishermap.org/location/6160/,6160,2019-06-23,Вороново,B,1,1,Публичная геометка рыболовного отчёта FisherMap. Ладожское озеро.,,,,Вороново,1.853,27.989,
P032,60.120446,31.586564,Щука,FisherMap,https://ru.fishermap.org/location/6162/,6162,2019-05-23,Шлиссельбург / бухта Петрокрепость,B,1,1,Публичная геометка рыболовного отчёта FisherMap. Ладожское озеро.,,,,Шлиссельбург / бухта Петрокрепость,1.299,39.241,
P033,60.019048,31.441577,Рипус (Ряпушка),FisherMap,https://ru.fishermap.org/location/6165/,6165,2019-02-24,Кобона / южный берег,B,1,1,Публичная геометка рыболовного отчёта FisherMap. Ладожское озеро.,,,,Кобона / южный берег,6.145,48.231,
P034,60.110724,31.528745,Окунь; Щука,FisherMap,https://ru.fishermap.org/location/6168/,6168,2019-02-26,Шлиссельбург / бухта Петрокрепость,B,1,1,Публичная геометка рыболовного отчёта FisherMap. Ладожское озеро.,,,,Шлиссельбург / бухта Петрокрепость,4.618,42.414,
P035,59.981948,31.513851,Окунь,FisherMap,https://ru.fishermap.org/location/6170/,6170,2018-12-24,Кобона / южный берег,B,1,1,Публичная геометка рыболовного отчёта FisherMap. Ладожское озеро.,,,,Кобона / южный берег,5.709,45.383,
P036,59.974345,31.524014,Окунь,FisherMap,https://ru.fishermap.org/location/6171/,6171,2018-12-20,Кобона / южный берег,B,1,1,Публичная геометка рыболовного отчёта FisherMap. Ладожское озеро.,,,,Кобона / южный берег,6.355,45.112,
P037,59.936183,31.442239,Окунь,FisherMap,https://ru.fishermap.org/location/6172/,6172,2018-12-16,Кобона / южный берег,B,1,1,Публичная геометка рыболовного отчёта FisherMap. Ладожское озеро.,,,,Кобона / южный берег,12.032,50.86,
P038,60.131684,32.231764,Щука,FisherMap,https://ru.fishermap.org/location/6173/,6173,2018-12-13,Креницы / Волховская губа,B,1,1,Публичная геометка рыболовного отчёта FisherMap. Ладожское озеро.,,,,Креницы / Волховская губа,3.515,4.643,
P039,60.120491,32.319319,Щука,FisherMap,https://ru.fishermap.org/location/6174/,6174,2018-11-17,Новая Ладога / устье Волхова,B,1,1,Публичная геометка рыболовного отчёта FisherMap. нижний Волхов.,,,,Новая Ладога / устье Волхова,0.28,2.335,
P040,60.254074,31.691875,Судак; Щука,FisherMap,https://ru.fishermap.org/location/6175/; https://ru.fishermap.org/location/6176/; https://ru.fishermap.org/location/16590/,6175; 6176; 16590,2018-08-16—2018-08-27,Лигово,B,3,3,Публичная геометка рыболовного отчёта FisherMap. Ладожское озеро.,,,,Лигово,5.016,37.256,
P041,60.025646,31.533428,Окунь,FisherMap,https://ru.fishermap.org/location/6179/,6179,2018-05-15,Кобона / южный берег,B,1,1,Публичная геометка рыболовного отчёта FisherMap. Ладожское озеро.,,,,Кобона / южный берег,1.04,43.085,
P042,60.021826,31.486249,Окунь,FisherMap,https://ru.fishermap.org/location/6180/,6180,2018-05-12,Кобона / южный берег,B,1,1,Публичная геометка рыболовного отчёта FisherMap. Ладожское озеро.,,,,Кобона / южный берег,3.656,45.738,
P043,60.342155,32.616426,Окунь,FisherMap,https://ru.fishermap.org/location/6183/,6183,2018-02-16,Вороново,B,1,1,Публичная геометка рыболовного отчёта FisherMap. Ладожское озеро.,,,,Вороново,6.309,31.938,
P044,59.997778,31.43971,Окунь,FisherMap,https://ru.fishermap.org/location/6184/,6184,2018-01-29,Кобона / южный берег,B,1,1,Публичная геометка рыболовного отчёта FisherMap. Ладожское озеро.,,,,Кобона / южный берег,7.1,48.863,
P045,59.986953,31.531942,Окунь,FisherMap,https://ru.fishermap.org/location/6185/,6185,2018-01-27,Кобона / южный берег,B,1,1,Публичная геометка рыболовного отчёта FisherMap. Ладожское озеро.,,,,Кобона / южный берег,4.891,44.256,
P046,60.175403,32.212548,Окунь; Плотва,FisherMap,https://ru.fishermap.org/location/6191/,6191,2017-03-19,Креницы / Волховская губа,B,1,1,Публичная геометка рыболовного отчёта FisherMap. Ладожское озеро.,,,,Креницы / Волховская губа,3.134,9.158,
P047,60.406806,32.090174,Окунь; Судак,FisherMap,https://ru.fishermap.org/location/6192/,6192,2014-07-15,о. Сухо,B,1,1,Публичная геометка рыболовного отчёта FisherMap. Ладожское озеро.,,,,о. Сухо,0.123,35.529,
P048,60.114413,32.24307,Карась,FisherMap,https://ru.fishermap.org/location/6330/,6330,2019-08-12,Новая Ладога / устье Волхова,B,1,1,Публичная геометка рыболовного отчёта FisherMap. целевая прибрежная зона; водоём в метаданных не указан.,,,,Новая Ладога / устье Волхова,4.281,3.062,
P049,60.118082,32.324377,Окунь; Судак,FisherMap,https://ru.fishermap.org/location/7027/,7027,2018-09-08,Новая Ладога / устье Волхова,B,1,1,Публичная геометка рыболовного отчёта FisherMap. нижний Волхов.,,,,Новая Ладога / устье Волхова,0.243,2.322,
P050,60.099401,32.310595,Щука,FisherMap,https://ru.fishermap.org/location/7114/,7114,2018-08-18,Новая Ладога / устье Волхова,B,1,1,Публичная геометка рыболовного отчёта FisherMap. нижний Волхов.,,,,Новая Ладога / устье Волхова,2.133,1.038,
P051,59.975496,31.524648,Окунь,FisherMap,https://ru.fishermap.org/location/9093/,9093,2019-02-20,Кобона / южный берег,B,1,1,Публичная геометка рыболовного отчёта FisherMap. Ладожское озеро.,,,,Кобона / южный берег,6.222,45.037,
P052,60.192721,31.636649,Плотва,FisherMap,https://ru.fishermap.org/location/9097/,9097,2019-03-05,Шлиссельбург / бухта Петрокрепость,B,1,1,Публичная геометка рыболовного отчёта FisherMap. Ладожское озеро.,,,,Шлиссельбург / бухта Петрокрепость,8.22,37.704,
P053,60.135523,31.571449,Щука,FisherMap,https://ru.fishermap.org/location/9101/,9101,2019-03-19,Шлиссельбург / бухта Петрокрепость,B,1,1,Публичная геометка рыболовного отчёта FisherMap. Ладожское озеро.,,,,Шлиссельбург / бухта Петрокрепость,2.746,40.181,
P054,60.132292,31.589045,Плотва,FisherMap,https://ru.fishermap.org/location/9118/,9118,2019-04-22,Шлиссельбург / бухта Петрокрепость,B,1,1,Публичная геометка рыболовного отчёта FisherMap. Ладожское озеро.,,,,Шлиссельбург / бухта Петрокрепость,1.793,39.182,
P055,60.080443,32.324443,Густера; Елец; Лещ,FisherMap,https://ru.fishermap.org/location/9145/,9145,2019-05-26,Нижний Волхов,B,1,1,Публичная геометка рыболовного отчёта FisherMap. нижний Волхов.,,,,Нижний Волхов,0.769,3.09,
P056,60.288713,32.545015,Судак,FisherMap,https://ru.fishermap.org/location/9173/,9173,2019-06-22,Вороново,B,1,1,Публичная геометка рыболовного отчёта FisherMap. Ладожское озеро.,,,,Вороново,3.117,24.813,
P057,60.160774,32.241598,Щука,FisherMap,https://ru.fishermap.org/location/9189/,9189,2019-07-07,Креницы / Волховская губа,B,1,1,Публичная геометка рыболовного отчёта FisherMap. Ладожское озеро.,,,,Креницы / Волховская губа,1.022,6.977,
P058,60.023129,31.549124,Щука,FisherMap,https://ru.fishermap.org/location/9206/,9206,2019-07-16,Кобона / южный берег,B,1,1,Публичная геометка рыболовного отчёта FisherMap. бухта Петрокрепость.,,,,Кобона / южный берег,0.766,42.292,
P059,60.095359,32.31509,Лещ; Язь,FisherMap,https://ru.fishermap.org/location/9212/; https://ru.fishermap.org/location/9301/,9212; 9301,2019-07-20—2019-10-14,Нижний Волхов,B,2,2,Публичная геометка рыболовного отчёта FisherMap. нижний Волхов.,,,,Нижний Волхов,2.472,1.494,
P060,60.129187,31.607879,Окунь; Щука,FisherMap,https://ru.fishermap.org/location/9231/,9231,2019-07-27,Шлиссельбург / бухта Петрокрепость,B,1,1,Публичная геометка рыболовного отчёта FisherMap. Ладожское озеро.,,,,Шлиссельбург / бухта Петрокрепость,1.028,38.116,
P061,60.146076,31.619132,Судак,FisherMap,https://ru.fishermap.org/location/9268/,9268,2019-08-27,Шлиссельбург / бухта Петрокрепость,B,1,1,Публичная геометка рыболовного отчёта FisherMap. целевая прибрежная зона; водоём в метаданных не указан.,,,,Шлиссельбург / бухта Петрокрепость,2.943,37.674,
P062,60.211948,32.208028,Щука,FisherMap,https://ru.fishermap.org/location/9275/,9275,2019-09-08,Креницы / Волховская губа,B,1,1,Публичная геометка рыболовного отчёта FisherMap. Ладожское озеро.,,,,Креницы / Волховская губа,6.452,12.941,
P063,60.260922,32.641088,Линь; Окунь; Щука,FisherMap,https://ru.fishermap.org/location/9280/,9280,2019-09-14,Вороново,B,1,1,Публичная геометка рыболовного отчёта FisherMap. целевая прибрежная зона; водоём в метаданных не указан.,,,,Вороново,3.541,25.96,
P064,60.135009,31.609383,Окунь,FisherMap,https://ru.fishermap.org/location/10629/,10629,2019-10-01,Шлиссельбург / бухта Петрокрепость,B,1,1,Публичная геометка рыболовного отчёта FisherMap. Ладожское озеро.,,,,Шлиссельбург / бухта Петрокрепость,1.669,38.084,
P065,60.113432,32.287226,Окунь,FisherMap,https://ru.fishermap.org/location/10705/,10705,2019-09-29,Новая Ладога / устье Волхова,B,1,1,Публичная геометка рыболовного отчёта FisherMap. целевая прибрежная зона; водоём в метаданных не указан.,,,,Новая Ладога / устье Волхова,1.885,1.144,
P066,60.121404,31.563588,Щука,FisherMap,https://ru.fishermap.org/location/11075/,11075,2019-07-05,Шлиссельбург / бухта Петрокрепость,B,1,1,Публичная геометка рыболовного отчёта FisherMap. Ладожское озеро.,,,,Шлиссельбург / бухта Петрокрепость,2.576,40.517,
P067,60.104283,32.272784,Карась,FisherMap,https://ru.fishermap.org/location/11480/,11480,2019-08-12,Новая Ладога / устье Волхова,B,1,1,Публичная геометка рыболовного отчёта FisherMap. целевая прибрежная зона; водоём в метаданных не указан.,,,,Новая Ладога / устье Волхова,3.028,1.176,
P068,60.102013,32.326021,Судак,FisherMap,https://ru.fishermap.org/location/11621/,11621,2019-08-17,Новая Ладога / устье Волхова,B,1,1,Публичная геометка рыболовного отчёта FisherMap. нижний Волхов.,,,,Новая Ладога / устье Волхова,1.809,1.786,
P069,60.110836,32.325533,Щука,FisherMap,https://ru.fishermap.org/location/11684/,11684,2019-10-23,Новая Ладога / устье Волхова,B,1,1,Публичная геометка рыболовного отчёта FisherMap. нижний Волхов.,,,,Новая Ладога / устье Волхова,0.854,1.92,
P070,60.191962,32.223892,Щука,FisherMap,https://ru.fishermap.org/location/13142/,13142,2019-09-09,Креницы / Волховская губа,B,1,1,Публичная геометка рыболовного отчёта FisherMap. Ладожское озеро.,,,,Креницы / Волховская губа,4.077,10.552,
P071,60.126973,31.603889,Окунь,FisherMap,https://ru.fishermap.org/location/13175/,13175,2019-11-26,Шлиссельбург / бухта Петрокрепость,B,1,1,Публичная геометка рыболовного отчёта FisherMap. Ладожское озеро.,,,,Шлиссельбург / бухта Петрокрепость,0.846,38.321,
P072,60.453156,32.811084,Плотва,FisherMap,https://ru.fishermap.org/location/13400/,13400,2019-05-15,Свирица / Загубская губа,B,1,1,Публичная геометка рыболовного отчёта FisherMap. Загубская губа без речной привязки.,,,,Свирица / Загубская губа,0.602,48.192,
P073,60.267281,32.048983,Щука,FisherMap,https://ru.fishermap.org/location/13409/,13409,2019-06-03,о. Птинов,B,1,1,Публичная геометка рыболовного отчёта FisherMap. Ладожское озеро.,,,,о. Птинов,2.244,22.677,
P074,60.207024,32.204395,Щука,FisherMap,https://ru.fishermap.org/location/13412/,13412,2019-06-08,Креницы / Волховская губа,B,1,1,Публичная геометка рыболовного отчёта FisherMap. Ладожское озеро.,,,,Креницы / Волховская губа,6.066,12.512,
P075,60.115556,32.338514,Щука,FisherMap,https://ru.fishermap.org/location/13423/,13423,2019-07-24,Новая Ладога / устье Волхова,B,1,1,Публичная геометка рыболовного отчёта FisherMap. нижний Волхов.,,,,Новая Ладога / устье Волхова,1.061,2.797,
P076,60.068341,32.338351,Лещ,FisherMap,https://ru.fishermap.org/location/13441/,13441,2019-09-17,Нижний Волхов,B,1,1,Публичная геометка рыболовного отчёта FisherMap. нижний Волхов.,,,,Нижний Волхов,0.798,4.639,
P077,60.120745,32.318611,Карп; Лещ; Щука,FisherMap,https://ru.fishermap.org/location/14097/,14097,2019-09-02,Новая Ладога / устье Волхова,B,1,1,Публичная геометка рыболовного отчёта FisherMap. нижний Волхов.,,,,Новая Ладога / устье Волхова,0.315,2.335,
P078,60.15183,32.258078,Окунь; Щука,FisherMap,https://ru.fishermap.org/location/14098/,14098,2019-09-05,Креницы / Волховская губа,B,1,1,Публичная геометка рыболовного отчёта FisherMap. Ладожское озеро.,,,,Креницы / Волховская губа,0.915,5.708,
P079,60.100498,32.313622,Лещ,FisherMap,https://ru.fishermap.org/location/14369/,14369,2016-05-22,Новая Ладога / устье Волхова,B,1,1,Публичная геометка рыболовного отчёта FisherMap. нижний Волхов.,,,,Новая Ладога / устье Волхова,1.978,1.146,
P080,60.10428,31.535041,Плотва,FisherMap,https://ru.fishermap.org/location/14383/,14383,2016-12-24,Шлиссельбург / бухта Петрокрепость,B,1,1,Публичная геометка рыболовного отчёта FisherMap. Ладожское озеро.,,,,Шлиссельбург / бухта Петрокрепость,4.506,42.062,
P081,60.165785,32.248314,Щука,FisherMap,https://ru.fishermap.org/location/15368/,15368,2019-06-17,Креницы / Волховская губа,B,1,1,Публичная геометка рыболовного отчёта FisherMap. Ладожское озеро.,,,,Креницы / Волховская губа,0.912,7.351,
P082,59.946048,31.578857,Лещ; Щука,FisherMap,https://ru.fishermap.org/location/15377/; https://ru.fishermap.org/location/15405/,15377; 15405,2019-06-28—2019-07-22,Кобона / южный берег,B,2,2,Публичная геометка рыболовного отчёта FisherMap. целевая прибрежная зона; водоём в метаданных не указан.,,,,Кобона / южный берег,9.472,43.425,
P083,59.982637,31.55379,Судак; Щука,FisherMap,https://ru.fishermap.org/location/15385/,15385,2019-07-07,Кобона / южный берег,B,1,1,Публичная геометка рыболовного отчёта FisherMap. Ладожское озеро.,,,,Кобона / южный берег,5.271,43.247,
P084,60.20561,32.41823,Судак,FisherMap,https://ru.fishermap.org/location/15386/,15386,2019-07-08,Креницы / Волховская губа,B,1,1,Публичная геометка рыболовного отчёта FisherMap. Ладожское озеро. Предыдущий массив: Судак (FisherMap).,,,,Креницы / Волховская губа,10.112,13.254,
P085,60.213908,32.2246,Судак; Щука,FisherMap,https://ru.fishermap.org/location/15389/,15389,2019-07-12,Креницы / Волховская губа,B,1,1,Публичная геометка рыболовного отчёта FisherMap. Ладожское озеро.,,,,Креницы / Волховская губа,6.306,12.841,
P086,60.150206,31.622075,Щука,FisherMap,https://ru.fishermap.org/location/15393/,15393,2019-07-14,Шлиссельбург / бухта Петрокрепость,B,1,1,Публичная геометка рыболовного отчёта FisherMap. целевая прибрежная зона; водоём в метаданных не указан.,,,,Шлиссельбург / бухта Петрокрепость,3.425,37.57,
P087,60.213078,32.448773,Судак; Щука,FisherMap,https://ru.fishermap.org/location/15397/,15397,2019-07-15,Вороново,B,1,1,Публичная геометка рыболовного отчёта FisherMap. Ладожское озеро.,,,,Вороново,11.68,14.874,
P088,60.083858,32.30831,Лещ; Сом,FisherMap,https://ru.fishermap.org/location/15407/,15407,2019-07-28,Нижний Волхов,B,1,1,Публичная геометка рыболовного отчёта FisherMap. нижний Волхов.,,,,Нижний Волхов,1.687,2.346,
P089,60.238105,31.97625,Окунь,FisherMap,https://ru.fishermap.org/location/15415/,15415,2019-08-08,Дубно,B,1,1,Публичная геометка рыболовного отчёта FisherMap. Ладожское озеро.,,,,Дубно,0.552,23.068,
P090,60.097415,32.310195,Судак; Щука,FisherMap,https://ru.fishermap.org/location/15421/,15421,2019-08-12,Новая Ладога / устье Волхова,B,1,1,Публичная геометка рыболовного отчёта FisherMap. нижний Волхов.,,,,Новая Ладога / устье Волхова,2.353,1.139,
P091,60.153482,32.484413,Судак; Щука,FisherMap,https://ru.fishermap.org/location/15443/,15443,2019-10-01,Новая Ладога / устье Волхова,B,1,1,Публичная геометка рыболовного отчёта FisherMap. Ладожское озеро.,,,,Новая Ладога / устье Волхова,9.922,11.91,
P092,59.981745,31.4043,Окунь; Щука,FisherMap,https://ru.fishermap.org/location/15447/,15447,2019-10-18,Кобона / южный берег,B,1,1,Публичная геометка рыболовного отчёта FisherMap. Ладожское озеро.,,,,Кобона / южный берег,9.715,51.227,
P093,60.232853,32.055904,Голавль; Окунь; Щука,FisherMap,https://ru.fishermap.org/location/15453/,15453,2019-11-26,о. Птинов,B,1,1,"Публичная геометка рыболовного отчёта FisherMap. Ладожское озеро. Предыдущий массив: Щука, голавль, окунь (FisherMap).",,,,о. Птинов,2.642,19.484,
P094,59.985343,31.526859,Щука,FisherMap,https://ru.fishermap.org/location/16225/,16225,2017-09-27,Кобона / южный берег,B,1,1,Публичная геометка рыболовного отчёта FisherMap. Ладожское озеро.,,,,Кобона / южный берег,5.13,44.579,
P095,60.127233,31.595003,Окунь,FisherMap,https://ru.fishermap.org/location/16228/,16228,2017-12-24,Шлиссельбург / бухта Петрокрепость,B,1,1,Публичная геометка рыболовного отчёта FisherMap. Ладожское озеро.,,,,Шлиссельбург / бухта Петрокрепость,1.156,38.814,
P096,59.979758,31.494377,Окунь; Плотва,FisherMap,https://ru.fishermap.org/location/16230/,16230,2018-01-23,Кобона / южный берег,B,1,1,Публичная геометка рыболовного отчёта FisherMap. Ладожское озеро.,,,,Кобона / южный берег,6.385,46.49,
P097,60.141119,32.215248,Щука,FisherMap,https://ru.fishermap.org/location/16235/,16235,2018-02-17,Креницы / Волховская губа,B,1,1,Публичная геометка рыболовного отчёта FisherMap. Ладожское озеро. Предыдущий массив: Щука (FisherMap).,,,,Креницы / Волховская губа,3.247,6.027,
P098,60.188581,32.172667,Окунь,FisherMap,https://ru.fishermap.org/location/16240/,16240,2018-03-29,Креницы / Волховская губа,B,1,1,Публичная геометка рыболовного отчёта FisherMap. Ладожское озеро.,,,,Креницы / Волховская губа,5.782,11.582,
P099,60.269817,32.609065,Лещ; Плотва,FisherMap,https://ru.fishermap.org/location/16243/,16243,2018-04-07,Вороново,B,1,1,Публичная геометка рыболовного отчёта FisherMap. Ладожское озеро.,,,,Вороново,1.841,25.388,
P100,60.04905,32.344292,Лещ,FisherMap,https://ru.fishermap.org/location/16244/,16244,2018-08-02,Нижний Волхов,B,1,1,Публичная геометка рыболовного отчёта FisherMap. нижний Волхов.,,,,Нижний Волхов,2.953,6.688,
P101,60.028505,31.452973,Окунь,FisherMap,https://ru.fishermap.org/location/16245/,16245,2019-02-16,Кобона / южный берег,B,1,1,Публичная геометка рыболовного отчёта FisherMap. Ладожское озеро.,,,,Кобона / южный берег,5.392,47.407,
P102,60.015231,31.407798,Плотва,FisherMap,https://ru.fishermap.org/location/16246/,16246,2019-03-26,Кобона / южный берег,B,1,1,Публичная геометка рыболовного отчёта FisherMap. Ладожское озеро.,,,,Кобона / южный берег,8.07,50.155,
P103,59.97432,31.511137,Окунь,FisherMap,https://ru.fishermap.org/location/16559/,16559,2018-12-16,Кобона / южный берег,B,1,1,Публичная геометка рыболовного отчёта FisherMap. Ладожское озеро.,,,,Кобона / южный берег,6.557,45.791,
P104,59.974928,31.517438,Окунь,FisherMap,https://ru.fishermap.org/location/16562/,16562,2018-12-19,Кобона / южный берег,B,1,1,Публичная геометка рыболовного отчёта FisherMap. Ладожское озеро.,,,,Кобона / южный берег,6.386,45.438,
P105,59.978596,31.52809,Окунь,FisherMap,https://ru.fishermap.org/location/16564/,16564,2018-12-26,Кобона / южный берег,B,1,1,Публичная геометка рыболовного отчёта FisherMap. Ладожское озеро.,,,,Кобона / южный берег,5.844,44.746,
P106,60.184477,32.214768,Окунь,FisherMap,https://ru.fishermap.org/location/16567/,16567,2019-01-07,Креницы / Волховская губа,B,1,1,Публичная геометка рыболовного отчёта FisherMap. Ладожское озеро.,,,,Креницы / Волховская губа,3.697,9.994,
P107,60.187433,31.633171,Налим; Плотва,FisherMap,https://ru.fishermap.org/location/16574/,16574,2019-02-01,Шлиссельбург / бухта Петрокрепость,B,1,1,Публичная геометка рыболовного отчёта FisherMap. Ладожское озеро.,,,,Шлиссельбург / бухта Петрокрепость,7.607,37.743,
P108,60.226807,31.788919,Плотва; Щука; Язь,FisherMap,https://ru.fishermap.org/location/16595/,16595,2019-04-22,Лигово,B,1,1,Публичная геометка рыболовного отчёта FisherMap. Ладожское озеро.,,,,Лигово,1.67,31.112,
P109,60.064805,32.345053,Лещ; Язь,FisherMap,https://ru.fishermap.org/location/16604/,16604,2019-05-09,Нижний Волхов,B,1,1,Публичная геометка рыболовного отчёта FisherMap. нижний Волхов.,,,,Нижний Волхов,1.316,5.171,
P110,60.148447,32.242821,Окунь; Судак,FisherMap,https://ru.fishermap.org/location/16626/,16626,2019-08-13,Креницы / Волховская губа,B,1,1,"Публичная геометка рыболовного отчёта FisherMap. Ладожское озеро. Предыдущий массив: Окунь, судак (FisherMap).",,,,Креницы / Волховская губа,1.598,5.725,
P111,60.225864,31.982064,Щука,FisherMap,https://ru.fishermap.org/location/16637/,16637,2019-09-11,Дубно,B,1,1,Публичная геометка рыболовного отчёта FisherMap. Ладожское озеро. Предыдущий массив: Щука (FisherMap).,,,,Дубно,0.975,21.96,
P112,60.130917,32.333886,Густера; Плотва,FisherMap,https://ru.fishermap.org/location/20067/,20067,2019-08-09,Новая Ладога / устье Волхова,B,1,1,Публичная геометка рыболовного отчёта FisherMap. нижний Волхов.,,,,Новая Ладога / устье Волхова,1.629,3.747,
P113,60.225408,32.129243,Окунь,FisherMap,https://ru.fishermap.org/location/20188/,20188,2022-01-04,о. Птинов,B,1,1,Публичная геометка рыболовного отчёта FisherMap. Ладожское озеро.,,,,о. Птинов,4.19,16.315,
P114,60.119097,32.340207,Плотва,FisherMap,https://ru.fishermap.org/location/20191/,20191,2022-04-06,Новая Ладога / устье Волхова,B,1,1,Публичная геометка рыболовного отчёта FisherMap. нижний Волхов.,,,,Новая Ладога / устье Волхова,1.126,3.08,
P115,60.285915,32.601296,Густера; Налим; Плотва,FisherMap; fishing-report.ru,https://ru.fishermap.org/location/20195/; https://fishing-report.ru/35610/,20195; 35610,2022-11-29—2022-12-07,Вороново,B,2,2,Публичная геометка рыболовного отчёта FisherMap. Ладожское озеро. Предыдущий массив: Вороново — геометка отчёта (геометка отчёта). | Публичная геометка отчёта fishing-report.ru. Волховская губа. Отчёт с опозданием Ладога. Вороново.,,,,Вороново,0,26.438,
P116,60.021502,31.475682,Окунь; Сиг,FisherMap,https://ru.fishermap.org/location/20200/,20200,2023-01-14,Кобона / южный берег,B,1,1,Публичная геометка рыболовного отчёта FisherMap. Ладожское озеро.,,,,Кобона / южный берег,4.235,46.32,
P117,60.129703,32.242394,Щука,FisherMap,https://ru.fishermap.org/location/20204/,20204,2023-02-05,Креницы / Волховская губа,B,1,1,Публичная геометка рыболовного отчёта FisherMap. Ладожское озеро.,,,,Креницы / Волховская губа,3.507,4.064,
P118,60.028511,31.469672,Окунь; Плотва,FisherMap,https://ru.fishermap.org/location/20205/,20205,2023-02-15,Кобона / южный берег,B,1,1,Публичная геометка рыболовного отчёта FisherMap. Ладожское озеро.,,,,Кобона / южный берег,4.465,46.496,
P119,60.132812,32.239792,Щука,FisherMap,https://ru.fishermap.org/location/20206/,20206,2023-02-16,Креницы / Волховская губа,B,1,1,Публичная геометка рыболовного отчёта FisherMap. Ладожское озеро.,,,,Креницы / Волховская губа,3.223,4.414,
P120,60.070309,31.382218,Окунь,FisherMap; fishing-report.ru,https://ru.fishermap.org/location/20207/; https://fishing-report.ru/38126/,20207; 38126,2023-02-25—2023-03-05,Кобона / южный берег,B,2,2,Публичная геометка рыболовного отчёта FisherMap. Ладожское озеро. | Публичная геометка отчёта fishing-report.ru. бухта Петрокрепость. Кобона. 25.02.2023. Неожиданный выход на 7.5 м. Были с женой — «накоротке» — удовольствие получили) всем добра и НХНЧ!!!,,,,Кобона / южный берег,10.336,50.694,
P121,60.028196,31.529794,Плотва,FisherMap,https://ru.fishermap.org/location/20209/,20209,2023-04-04,Кобона / южный берег,B,1,1,Публичная геометка рыболовного отчёта FisherMap. Ладожское озеро.,,,,Кобона / южный берег,1.14,43.225,
P122,60.058404,32.339714,Лещ,FisherMap,https://ru.fishermap.org/location/20215/,20215,2023-09-17,Нижний Волхов,B,1,1,Публичная геометка рыболовного отчёта FisherMap. нижний Волхов.,,,,Нижний Волхов,1.883,5.641,
P123,60.135595,32.455839,Лещ,FisherMap,https://ru.fishermap.org/location/20239/,20239,2021-05-10,Новая Ладога / устье Волхова,B,1,1,Публичная геометка рыболовного отчёта FisherMap. целевая прибрежная зона; водоём в метаданных не указан.,,,,Новая Ладога / устье Волхова,7.774,9.642,
P124,60.105391,31.57502,Окунь; Плотва,FisherMap,https://ru.fishermap.org/location/20271/,20271,2022-02-12,Шлиссельбург / бухта Петрокрепость,B,1,1,Публичная геометка рыболовного отчёта FisherMap. Ладожское озеро.,,,,Шлиссельбург / бухта Петрокрепость,2.529,39.846,
P125,60.11502,32.306801,Карась,FisherMap; fishing-report.ru,https://ru.fishermap.org/location/20283/; https://fishing-report.ru/40490/,20283; 40490,2023-05-12—2023-05-13,Новая Ладога / устье Волхова,B,2,2,Публичная геометка рыболовного отчёта FisherMap. целевая прибрежная зона; водоём в метаданных не указан. | Публичная геометка отчёта fishing-report.ru. устьевая зона Новой Ладоги. Новая Ладога. Канал -->,,,,Новая Ладога / устье Волхова,0.803,1.444,
P126,60.085507,32.314274,Карась,FisherMap; fishing-report.ru,https://ru.fishermap.org/location/20284/; https://fishing-report.ru/40520/,20284; 40520,2023-05-12—2023-05-14,Нижний Волхов,B,2,2,Публичная геометка рыболовного отчёта FisherMap. нижний Волхов. | Публичная геометка отчёта fishing-report.ru. нижний Волхов. Открыли сезон. Первый кемпенговый выезд на Волхов -->,,,,Нижний Волхов,1.563,2.316,
P127,60.262203,31.943687,Окунь,FisherMap; fishing-report.ru,https://ru.fishermap.org/location/20292/; https://fishing-report.ru/51112/,20292; 51112,2024-02-10—2024-02-17,Дубно,B,2,2,Публичная геометка рыболовного отчёта FisherMap. Ладожское озеро. Предыдущий массив: Дубно — хорошая рыбалка (геометка отчёта). | Публичная геометка отчёта fishing-report.ru. Ладожское озеро. Дубно! Отличная погода и хорошая рыбалка! -->,,,,Дубно,3.769,26.186,
P128,59.978608,31.418379,Окунь; Плотва,FisherMap,https://ru.fishermap.org/location/20303/,20303,2023-12-17,Кобона / южный берег,B,1,1,Публичная геометка рыболовного отчёта FisherMap. Ладожское озеро.,,,,Кобона / южный берег,9.284,50.571,
P129,60.029512,31.508122,Плотва,FisherMap,https://ru.fishermap.org/location/20306/,20306,2024-03-11,Кобона / южный берег,B,1,1,Публичная геометка рыболовного отчёта FisherMap. Ладожское озеро.,,,,Кобона / южный берег,2.327,44.377,
P130,59.977616,31.718685,Щука,FisherMap,https://ru.fishermap.org/location/20307/,20307,2022-05-27,Кобона / южный берег,B,1,1,Публичная геометка рыболовного отчёта FisherMap. целевая прибрежная зона; водоём в метаданных не указан.,,,,Кобона / южный берег,11.039,34.887,
P131,60.268015,32.321594,Судак,FisherMap,https://ru.fishermap.org/location/20310/,20310,2023-07-31,Варецкие банки,B,1,1,Публичная геометка рыболовного отчёта FisherMap. Ладожское озеро.,,,,Варецкие банки,12.317,18.333,
P132,60.146112,32.306103,Окунь; Щука,FisherMap,https://ru.fishermap.org/location/20311/,20311,2023-09-04,Креницы / Волховская губа,B,1,1,Публичная геометка рыболовного отчёта FisherMap. Ладожское озеро.,,,,Креницы / Волховская губа,2.982,4.762,
P133,60.027102,31.490503,Плотва,FisherMap,https://ru.fishermap.org/location/20313/,20313,2023-12-09,Кобона / южный берег,B,1,1,Публичная геометка рыболовного отчёта FisherMap. Ладожское озеро.,,,,Кобона / южный берег,3.321,45.389,
P134,60.181919,32.176908,Щука,FisherMap,https://ru.fishermap.org/location/20314/,20314,2023-12-16,Креницы / Волховская губа,B,1,1,Публичная геометка рыболовного отчёта FisherMap. Ладожское озеро.,,,,Креницы / Волховская губа,5.202,10.845,
P135,60.024504,31.495277,Окунь,FisherMap,https://ru.fishermap.org/location/20315/,20315,2024-01-27,Кобона / южный берег,B,1,1,Публичная геометка рыболовного отчёта FisherMap. Ладожское озеро.,,,,Кобона / южный берег,3.101,45.186,
P136,60.051801,31.412675,Окунь; Плотва,FisherMap,https://ru.fishermap.org/location/20319/,20319,2024-02-21,Кобона / южный берег,B,1,1,Публичная геометка рыболовного отчёта FisherMap. Ладожское озеро.,,,,Кобона / южный берег,8.002,49.222,
P137,60.185097,32.173108,Плотва; Щука,FisherMap,https://ru.fishermap.org/location/20321/,20321,2024-03-13,Креницы / Волховская губа,B,1,1,Публичная геометка рыболовного отчёта FisherMap. Ладожское озеро.,,,,Креницы / Волховская губа,5.557,11.254,
P138,60.161998,32.21751,Плотва,FisherMap,https://ru.fishermap.org/location/20322/,20322,2024-03-19,Креницы / Волховская губа,B,1,1,Публичная геометка рыболовного отчёта FisherMap. Ладожское озеро.,,,,Креницы / Волховская губа,2.361,7.742,
P139,60.178317,31.667315,Щука,FisherMap,https://ru.fishermap.org/location/20324/,20324,2024-02-21,Шлиссельбург / бухта Петрокрепость,B,1,1,Публичная геометка рыболовного отчёта FisherMap. целевая прибрежная зона; водоём в метаданных не указан.,,,,Шлиссельбург / бухта Петрокрепость,7.219,35.67,
P140,60.131007,31.608684,Густера,FisherMap,https://ru.fishermap.org/location/21215/,21215,2024-06-07,Шлиссельбург / бухта Петрокрепость,B,1,1,Публичная геометка рыболовного отчёта FisherMap. Ладожское озеро.,,,,Шлиссельбург / бухта Петрокрепость,1.226,38.086,
P141,60.073101,32.333503,Лещ,fishing-report.ru,https://fishing-report.ru/120755/,120755,2026-09-21,Нижний Волхов,B,1,1,"Публичная геометка отчёта fishing-report.ru. нижний Волхов. Всем привет.👋Ну что сказать, Волхов в этот раз выдал по полной! Эмоции зашкаливают — таких мощных поклевок я давно не припомню. Рыбалка была непростой: ветер лютый, дождь поливал переодически, но нас это не остановило. «Алешки» (лещи) как на подбор — все ровные, от 1,5 до 2 кг. Самый крупный потянул на 2,2 кг. 🎣 Было очень много сходов, адреналина — море! Рыба берет так резко, что даже шнур 0,16 не выдерживал и рвался на рывках. Еще удалось взять одного линя, но, похоже, их сезон уже подходит к концу . Зацепил кормушку местного умельца -это нечто .В общем, рыбалка удалась, несмотря на капризы погоды.Всем НХНЧ. -->",,,,Нижний Волхов,0.213,4.048,
P142,60.055385,32.341386,Густера; Карась; Лещ; Подлещик; Синец,fishing-report.ru,https://fishing-report.ru/120199/; https://fishing-report.ru/7090/,120199; 7090,2021-08-10—2026-05-08,Нижний Волхов,A,2,2,"Публичная геометка отчёта fishing-report.ru. нижний Волхов. Волхов [id792616711|Александр П] --> | Публичная геометка отчёта fishing-report.ru. нижний Волхов. Волхвов 2 мая сопа, клевала набегами. Предыдущий массив: Поляша — лещ (точный GPS из отчёта).",,,,Нижний Волхов,2.23,5.982,
P143,60.268709,31.852692,Судак,fishing-report.ru,https://fishing-report.ru/119872/,119872,2026-02-18,Лигово,B,1,1,"Публичная геометка отчёта fishing-report.ru. Ладожское озеро. Отчитаюсь. Лигово 16 и 17 ое число (на фото уловы разных дней), смотрю инфу никто не сливает…а все порят по тихому😂😂😂. Мармулет в почете, все дзюбят, но были исключения (кстати видел кадра который прицепил к судаковой удочке с катушкой кивок и поставил мормулет, кстати даже что то ловил😂😂😂 . От берега 3 км. Доклад закончил! P.S. умудрился засадить машину на полном приводе, огромное спасибо товарищам по увлечению на Ниве которые не бросили в беде и помогли вытащить. [id530215775|Кирилл Космос] --> Предыдущий массив: Лигово — судак (геометка отчёта).",,,,Лигово,5.11,30.525,
P144,59.928905,31.370381,Окунь,fishing-report.ru,https://fishing-report.ru/95002/,95002,2025-11-04,Кобона / южный берег,B,1,1,"Публичная геометка отчёта fishing-report.ru. бухта Петрокрепость. Назия, сегодня пороли все! [id530215775|Кирилл Космос] -->",,,,Кобона / южный берег,15.041,54.881,
P145,60.017712,31.474687,Окунь,fishing-report.ru,https://fishing-report.ru/58712/,58712,2025-01-23,Кобона / южный берег,B,1,1,"Публичная геометка отчёта fishing-report.ru. бухта Петрокрепость. Ладога! Кобона! Окунь, и он нас ждал! Конечно он пытался нас вымотать и взять измором ( чтобы от бессилия руки не поднимались после 2 х часовой раздачи) . Мы смогли!!! Всех детей в лунку! [id22800698|Александр Шмидт] -->",,,,Кобона / южный берег,4.402,46.461,
P146,60.405998,32.091712,Окунь,fishing-report.ru,https://fishing-report.ru/50674/,50674,2024-01-28,о. Сухо,B,1,1,"Публичная геометка отчёта fishing-report.ru. Ладожское озеро. Остров Сухо ! Наша экспедиция состоялась! Зимой мы здесь впервые! Летом бываем переодически и ловим окуня! Цель поездки была безусловно поимка морда того окуня , так как мелочь надоела ! В итоге полный 0. На грядах и на свалках ,а так же на глубинах до 4 метров окунь отсутствует! Сфотографировались на память и погнали в Дубно! Там подловили десятка 3 окуней и по каналу ,уже затемно поехали в креницы! -->",,,,о. Сухо,0,35.417,
P147,60.04941,32.344204,Карп,fishing-report.ru,https://fishing-report.ru/49035/,49035,2023-11-02,Нижний Волхов,B,1,1,Публичная геометка отчёта fishing-report.ru. нижний Волхов. -->,,,,Нижний Волхов,2.913,6.65,
P148,60.284315,32.613413,,fishing-report.ru,https://fishing-report.ru/37135/,37135,2023-01-17,Вороново,B,1,1,Публичная геометка отчёта fishing-report.ru. Волховская губа.,,,,Вороново,0.691,26.74,
P149,59.991515,31.421005,,fishing-report.ru,https://fishing-report.ru/36310/,36310,2023-01-03,Кобона / южный берег,B,1,1,Публичная геометка отчёта fishing-report.ru. бухта Петрокрепость.,,,,Кобона / южный берег,8.349,50.045,
P150,60.256104,32.13682,,fishing-report.ru,https://fishing-report.ru/32331/,32331,2022-06-24,о. Птинов,B,1,1,Публичная геометка отчёта fishing-report.ru. Волховская губа.,,,,о. Птинов,3.201,19.044,
P151,60.024603,31.556335,Окунь; Сорожка,fishing-report.ru,https://fishing-report.ru/29524/,29524,2022-02-26,Кобона / южный берег,B,1,1,Публичная геометка отчёта fishing-report.ru. южный берег/Петрокрепость; служебное имя водоёма.,,,,Кобона / южный берег,0.696,41.866,
P152,60.248535,32.044871,Щука,fishing-report.ru,https://fishing-report.ru/29385/,29385,2022-02-21,о. Птинов,B,1,1,"Публичная геометка отчёта fishing-report.ru. Ладожское озеро. Хорошо вчера отловились в Дубно. 11хвостов, от 7кг до 1кг, клевало до 13.00 пока не начался снег с метелью, рыбалка хорошая но добраться до места, это дорогого стоит ? Предыдущий массив: Дубно — щука (геометка отчёта).",,,,о. Птинов,1.968,21.192,
P153,60.239988,31.705373,,fishing-report.ru,https://fishing-report.ru/27999/,27999,2022-02-04,Лигово,B,1,1,Публичная геометка отчёта fishing-report.ru. Ладожское озеро. Ладога неужели обрадовала)),,,,Лигово,4.057,35.909,
P154,59.982424,31.493579,,fishing-report.ru,https://fishing-report.ru/25778/,25778,2022-01-22,Кобона / южный берег,B,1,1,"Публичная геометка отчёта fishing-report.ru. бухта Петрокрепость. Ладога, ветерок, но полосатый вяленько берет.",,,,Кобона / южный берег,6.15,46.443,
P155,60.018017,31.46597,,fishing-report.ru,https://fishing-report.ru/25668/,25668,2022-01-19,Кобона / южный берег,B,1,1,"Публичная геометка отчёта fishing-report.ru. бухта Петрокрепость. Кобона вчера. Лифт с 10.00до 13.00. В остальное время вяло, но приятно.",,,,Кобона / южный берег,4.855,46.928,
P156,59.909595,31.478386,,fishing-report.ru,https://fishing-report.ru/25501/,25501,2022-01-18,Кобона / южный берег,B,1,1,Публичная геометка отчёта fishing-report.ru. бухта Петрокрепость. Сегодня шальдиха рыбу отпустил,,,,Кобона / южный берег,13.969,50.211,
P157,60.453142,32.797262,Щука,fishing-report.ru,https://fishing-report.ru/18476/,18476,2021-12-14,Свирица / Загубская губа,B,1,1,Публичная геометка отчёта fishing-report.ru. Загубская губа. Открытие сезона. Жерлицы Щука. https://youtu.be/9yfnDb0FT0c,,,,Свирица / Загубская губа,1.295,47.744,
P158,60.240732,32.012897,Окунь,fishing-report.ru,https://fishing-report.ru/14053/,14053,2021-10-14,Дубно,B,1,1,Публичная геометка отчёта fishing-report.ru. Ладожское озеро. Всем привет! Окушек брал вяло но под вечер разошёлся! 08.10.21г Предыдущий массив: Окунь (геометка отчёта).,,,,Дубно,1.767,21.767,
P159,59.911808,31.395548,Щука,fishing-report.ru,https://fishing-report.ru/13972/,13972,2021-10-13,Кобона / южный берег,B,1,1,"Публичная геометка отчёта fishing-report.ru. бухта Петрокрепость. Спасибо Ладога. За последние не очень удачные рыбалки по хищнику, сегодня немного оторвались. И бонус жене дала.",,,,Кобона / южный берег,15.703,54.306,
P160,59.969472,31.418269,Окунь,fishing-report.ru,https://fishing-report.ru/13963/,13963,2021-10-13,Кобона / южный берег,B,1,1,Публичная геометка отчёта fishing-report.ru. бухта Петрокрепость. Сегодня был первый раз на Ладоге за много лет И по мне так удачно,,,,Кобона / южный берег,9.947,50.872,
P161,60.057829,32.339528,,fishing-report.ru,https://fishing-report.ru/11593/,11593,2021-10-07,Нижний Волхов,B,1,1,"Публичная геометка отчёта fishing-report.ru. нижний Волхов. Волхов. 4.10.21 рыбка поклевывает, с утра дубак руки замерзают, вода сильно ушла. Взял сколько нужно остальную отпускал.",,,,Нижний Волхов,1.943,5.693,
P162,59.981464,31.384679,,fishing-report.ru,https://fishing-report.ru/10333/,10333,2021-09-16,Кобона / южный берег,B,1,1,Публичная геометка отчёта fishing-report.ru. бухта Петрокрепость.,,,,Кобона / южный берег,10.657,52.287,
P163,60.186123,32.193626,,fishing-report.ru,https://fishing-report.ru/8997/,8997,2021-08-31,Креницы / Волховская губа,B,1,1,Публичная геометка отчёта fishing-report.ru. Волховская губа. В субботу поехали на базу Креницы. Взяли пелу и в Ладогу. Ловили в заброс. Предыдущий массив: Ловля в заброс (геометка отчёта).,,,,Креницы / Волховская губа,4.681,10.716,
P164,60.130961,32.330439,Щука,fishing-report.ru,https://fishing-report.ru/8392/,8392,2021-08-22,Новая Ладога / устье Волхова,B,1,1,Публичная геометка отчёта fishing-report.ru. Волховская губа. Креницы Предыдущий массив: Щука (геометка отчёта).,,,,Новая Ладога / устье Волхова,1.553,3.642,
P165,60.283298,32.630563,Плотва,fishing-report.ru,https://fishing-report.ru/7087/,7087,2021-08-10,Вороново,B,1,1,"Публичная геометка отчёта fishing-report.ru. нижний Волхов. Волхов для нас с мужем остался непокоренным. В 11 смотали удочки и поехали на канал, он как всегда не подвёл. Фидер, опарыш. Времени потеряли много, но на сковородку наловили, голод утолила женщина ??! Ветер порывистый, рыб клюёт, но на крючок 1/10 попадается, осторожничает! Густера, плотва, размер съедобный!",,,,Вороново,1.639,27.292,
P166,60.027601,31.509968,Налим,fishing-report.ru,https://fishing-report.ru/2368/,2368,2021-03-20,Кобона / южный берег,B,1,1,"Публичная геометка отчёта fishing-report.ru. бухта Петрокрепость. Я сегодня вам принёс не букет из роз мимоз, а букееетик из плоотвыыы. Рванул таки на не самую перспективную, но такую долгожданную рыбалку. В ночь за плотвой. За налимом только мечтаю сходить.. Тем кто не любит читать много букв, можно посмотреть короткое видео об этой рыбалке: https://youtu.be/8dm7EPcLUdo Ни проверенной информации, ни уверенности в успехе мероприятия не было, но было желание побывать в окрестностях Зеленцов, проведать матушку Ладогу. Школьный друг, который постепенно превращается в зимника, но до сих пор ходит с моими снастями и экипировкой, составил мне компанию. Для него это была первая ночная рыбалка на льду. Чуть дубу не дал в ночи, но ему понравилось. Пока ехали, погода шептала, как остановились в Кобоне на берегу, зарядила пурга. Да такая, что видимость упала до мин",,,,Кобона / южный берег,2.24,44.318,
P167,60.251624,31.873992,,fishing-report.ru,https://fishing-report.ru/2051/,2051,2021-02-14,Лигово,B,1,1,Публичная геометка отчёта fishing-report.ru. Ладожское озеро. Сегодня.Ладога. Мороз.,,,,Лигово,5.382,28.459,
P168,59.90869,31.473646,Окунь,fishing-report.ru,https://fishing-report.ru/1935/,1935,2021-02-12,Кобона / южный берег,B,1,1,"Публичная геометка отчёта fishing-report.ru. бухта Петрокрепость. Доброго времени суток, друзья! Сегодня вновь побывал на Южном берегу Ладожского озера, выходил на лёд в районе Верхней Шелудихи с твёрдым намерением ловить далеко от берега и от толпы выходного дня. Вот и ходил, искал. Весь день. А народ в тросте дзюбил. Некоторые как оказалось, очень удачно. Лёд подмерзает, но есть и живые трещины. Берегите себя, не рискуете напрасно, берите пешни, верёвку и спасалки» Полный отчёт с глубинами, приманками и уловом, можно подсмотреть тут: https://youtu.be/KjfPUI0Xhkc Сегодня многие не увидели и поклёвки, но есть и те, кто напорол. Рыба капризная. Погода шик. Как у вас сложился последний выход на лёд?",,,,Кобона / южный берег,14.142,50.493,
P169,59.907043,31.467525,Окунь,fishing-report.ru,https://fishing-report.ru/1931/,1931,2021-02-12,Кобона / южный берег,B,1,1,"Публичная геометка отчёта fishing-report.ru. бухта Петрокрепость. Всем привет из Санкт-Петербурга и с берега Ладожского озера! На излёте этого непростого года, решил устроить себе нетипичный понедельник. Посетил секретное» место ЮБЛО, на букву Ша. Возможно инфо будет полезна, тем кто ещё хочет успеть наловить на уху С самого начала, отскочил от тростника, но рыбу с помощью балансира и блесны, поймать не смог. Ближе к обеду, пошёл в берег, на грани тросты и открытой воды, качнул пару лунок. Есть пара трещин, но не не опасных, тем не менее, будьте осторожны. Лёд нормальный, отходил не далее 1 км, но были и те, кто ушёл дальше и там сгруппировался. Я к ним не пошёл, но несколько человек из тросты туда рванули, что поймали неизвестно. Окунь пассивный, надо уговаривать. Брал на долгой паузе. Мормышка одна выручила (пчёлка»), пришлось подбирать. Из двух десятк",,,,Кобона / южный берег,14.422,50.88,
P170,60.092493,32.306857,Щука,fishing-report.ru,https://fishing-report.ru/1122/,1122,2021-01-09,Нижний Волхов,B,1,1,Публичная геометка отчёта fishing-report.ru. нижний Волхов. Поймали на Волхове на Спиннинг),,,,Нижний Волхов,2.426,1.437,
P171,60.112368,32.333022,Густера; Лещ; Линь; Щука,Telegram: Рыболовная сводка Спб,https://t.me/rybalka_spb_lenoblasti/24765; https://t.me/rybalka_spb_lenoblasti/19629,24765; 19629,2025-09-20—2026-06-10,Новая Ладога / устье Волхова,A,2,2,"Немятово, поплавок и червь; координаты локации опубликованы в тексте поста. Предыдущий массив: Немятово — лещ, густера, линь (точный GPS из отчёта). | Ново-Свирский канал у пересечения с Волховом; координаты локации опубликованы в тексте поста.",,"вертушка, с берега",,Новая Ладога / устье Волхова,0.955,2.368,
P172,60.121145,32.29689,Плотва,Telegram: Рыболовная сводка Спб,https://t.me/rybalka_spb_lenoblasti/23021,23021,2026-03-13,Новая Ладога / устье Волхова,A,1,1,"Креницы, 9 км; координаты опубликованы в тексте поста. Предыдущий массив: Креницы — плотва, 2.3 м (точный GPS из отчёта).",2.3 м,,,Новая Ладога / устье Волхова,1.327,1.945,
P173,60.27479,32.066842,,ПКР / fisher.spb.ru,https://fisher.spb.ru/news/message-bycatalog.php?category=5&water=157,water-157,,о. Птинов,C,1,1,"Точка каталога района «Варецкие банки». В архиве 116 сообщений; это справочная повторяемость названия, а не 116 GPS-отчётов, поэтому в плотность добавлена одна точка C.",,,,о. Птинов,2.444,22.793,116
P174,60.234609,31.983349,,ПКР / fisher.spb.ru,https://fisher.spb.ru/news/message-bycatalog.php?category=5&water=161,water-161,,Дубно,C,1,1,"Точка каталога района «Дубно». В архиве 960 сообщений; это справочная повторяемость названия, а не 960 GPS-отчётов, поэтому в плотность добавлена одна точка C.",,,,Дубно,0,22.518,960
P175,60.133145,32.284981,,ПКР / fisher.spb.ru,https://fisher.spb.ru/news/message-bycatalog.php?category=5&water=166,water-166,,Новая Ладога / устье Волхова,C,1,1,"Точка каталога района «Креницы». В архиве 2986 сообщений; это справочная повторяемость названия, а не 2986 GPS-отчётов, поэтому в плотность добавлена одна точка C.",,,,Новая Ладога / устье Волхова,2.569,3.311,2986
P176,60.240971,31.778853,,ПКР / fisher.spb.ru,https://fisher.spb.ru/news/message-bycatalog.php?category=5&water=172,water-172,,Лигово,C,1,1,"Точка каталога района «Лигово». В архиве 671 сообщений; это справочная повторяемость названия, а не 671 GPS-отчётов, поэтому в плотность добавлена одна точка C.",,,,Лигово,0,32.321,671
P177,60.155861,32.337228,,ПКР / fisher.spb.ru,https://fisher.spb.ru/news/message-bycatalog.php?category=5&water=175,water-175,,Креницы / Волховская губа,C,1,1,"Точка каталога района «Новая Ладога». В архиве 338 сообщений; это справочная повторяемость названия, а не 338 GPS-отчётов, поэтому в плотность добавлена одна точка C.",,,,Креницы / Волховская губа,4.298,6.274,338
P178,60.229273,32.085666,,ПКР / fisher.spb.ru,https://fisher.spb.ru/news/message-bycatalog.php?category=5&water=176,water-176,,о. Птинов,C,1,1,"Точка каталога района «о-в Птинов». В архиве 204 сообщений; это справочная повторяемость названия, а не 204 GPS-отчётов, поэтому в плотность добавлена одна точка C.",,,,о. Птинов,2.736,18.103,204
P179,60.197533,32.189567,Окунь,Предыдущее исследование,,prior-05,,Креницы / Волховская губа,A,1,1,Координата восстановлена из ladoga_points_preliminary.csv предыдущего чата; исходная публичная ссылка в файле не сохранена. Креницы — окунь 18 кг,,,,Креницы / Волховская губа,5.708,11.926,
P180,60.177483,32.252517,Окунь,Предыдущее исследование,,prior-06,,Креницы / Волховская губа,A,1,1,Координата восстановлена из ladoga_points_preliminary.csv предыдущего чата; исходная публичная ссылка в файле не сохранена. Креницы — окунь,,,,Креницы / Волховская губа,1.988,8.518,
P181,60.171933,32.27465,Плотва,Предыдущее исследование,,prior-07,,Креницы / Волховская губа,A,1,1,Координата восстановлена из ladoga_points_preliminary.csv предыдущего чата; исходная публичная ссылка в файле не сохранена. Креницы — плотва,,,,Креницы / Волховская губа,1.555,7.661,
P182,60.1565,32.278783,Плотва,Предыдущее исследование,,prior-08,,Креницы / Волховская губа,A,1,1,Координата восстановлена из ladoga_points_preliminary.csv предыдущего чата; исходная публичная ссылка в файле не сохранена. Креницы — плотва,,,,Креницы / Волховская губа,1.11,5.93,
P183,60.162306,32.292472,Плотва,Предыдущее исследование,,prior-09,,Креницы / Волховская губа,A,1,1,Координата восстановлена из ladoga_points_preliminary.csv предыдущего чата; исходная публичная ссылка в файле не сохранена. Креницы — плотва 20 кг,,,,Креницы / Волховская губа,1.815,6.516,
P184,60.207317,32.178383,Плотва,Предыдущее исследование,,prior-10,,Креницы / Волховская губа,A,1,1,Координата восстановлена из ladoga_points_preliminary.csv предыдущего чата; исходная публичная ссылка в файле не сохранена. Креницы — плотва ~40 кг,,,,Креницы / Волховская губа,6.931,13.177,
P185,60.217083,32.181783,Плотва,Предыдущее исследование,,prior-11,,о. Птинов,A,1,1,Координата восстановлена из ladoga_points_preliminary.csv предыдущего чата; исходная публичная ссылка в файле не сохранена. Креницы — плотва,,,,о. Птинов,6.981,14.052,
P186,60.09417,32.31388,Лещ,Предыдущее исследование,,prior-16,,Нижний Волхов,A,1,1,Координата восстановлена из ladoga_points_preliminary.csv предыдущего чата; исходная публичная ссылка в файле не сохранена. Остров Ленина — лещ,,,,Нижний Волхов,2.381,1.531,
P187,60.082004,32.319865,Густера; Линь; Подлещик,Предыдущее исследование,,prior-17,,Нижний Волхов,A,1,1,"Координата восстановлена из ladoga_points_preliminary.csv предыдущего чата; исходная публичная ссылка в файле не сохранена. Юшково — линь, густера, подлещик",,,,Нижний Волхов,1.066,2.808,
P188,60.077029,32.32236,Лещ; Синец,Предыдущее исследование,,prior-18,,Нижний Волхов,A,1,1,"Координата восстановлена из ladoga_points_preliminary.csv предыдущего чата; исходная публичная ссылка в файле не сохранена. Юшково — лещ, синец",,,,Нижний Волхов,0.632,3.358,
P189,60.052698,32.344409,Густера; Лещ; Линь,Предыдущее исследование,,prior-20,,Нижний Волхов,A,1,1,"Координата восстановлена из ladoga_points_preliminary.csv предыдущего чата; исходная публичная ссылка в файле не сохранена. Поляша — лещ, густера, линь",,,,Нижний Волхов,2.559,6.325,
P190,60.05031,32.344323,Голавль; Плотва; Язь,Предыдущее исследование,,prior-21,,Нижний Волхов,A,1,1,"Координата восстановлена из ladoga_points_preliminary.csv предыдущего чата; исходная публичная ссылка в файле не сохранена. Поляша — плотва, язь, голавль",,,,Нижний Волхов,2.816,6.562,
P191,60.051332,32.344224,Лещ; Линь; Сом,Предыдущее исследование,,prior-22,,Нижний Волхов,A,1,1,"Координата восстановлена из ladoga_points_preliminary.csv предыдущего чата; исходная публичная ссылка в файле не сохранена. Поляша — линь, сом / лещ",,,,Нижний Волхов,2.704,6.457,
