record_id,latitude,longitude,fish,source,source_url,source_id,original_source_url,date,sector,confidence_class,reports_count,analysis_weight,duplicate_of,comment,depth,method,catch,nearest_landmark,landmark_distance_km,distance_from_novaya_ladoga_km,waterbody,context_reports_count
fishermap-934,60.298663,32.408142,Судак,FisherMap,https://ru.fishermap.org/location/934/,934,https://vk.com/wall-30527635_9236,2017-07-11,Вороново,B,1,1,,Публичная геометка рыболовного отчёта FisherMap. Ладожское озеро.,,,,Вороново,10.738,22.577,Ладожское озеро,
fishermap-939,60.193632,32.171358,Щука; Окунь,FisherMap,https://ru.fishermap.org/location/939/,939,https://vk.com/wall-30527635_3351,2016-01-09,Креницы / Волховская губа,B,1,1,,Публичная геометка рыболовного отчёта FisherMap. Ладожское озеро.,,,,Креницы / Волховская губа,6.166,12.084,Ладожское озеро,
fishermap-2229,60.311449,32.587162,Плотва,FisherMap,https://ru.fishermap.org/location/2229/,2229,https://vk.com/wall-13425667_25029,2019-03-02,Вороново,B,1,1,,Публичная геометка рыболовного отчёта FisherMap. Ладожское озеро.,,,,Вороново,2.944,28.213,Ладожское озеро,
fishermap-2236,59.972784,31.53913,Окунь,FisherMap,https://ru.fishermap.org/location/2236/,2236,https://vk.com/wall-13425667_23671,2018-12-18,Кобона / южный берег,B,1,1,,Публичная геометка рыболовного отчёта FisherMap. Ладожское озеро.,,,,Кобона / южный берег,6.391,44.375,Ладожское озеро; бухта Петрокрепость,
fishermap-2248,60.227002,32.135144,Окунь,FisherMap,https://ru.fishermap.org/location/2248/,2248,https://vk.com/wall-13425667_21014,2018-03-28,о. Птинов,B,1,1,,Публичная геометка рыболовного отчёта FisherMap. Ладожское озеро. Предыдущий массив: Окунь (FisherMap).,,,,о. Птинов,4.288,16.283,Ладожское озеро,
fishermap-2252,60.46125,32.795655,Щука,FisherMap,https://ru.fishermap.org/location/2252/,2252,https://vk.com/wall-13425667_19287,2017-12-24,Свирица / Загубская губа,B,1,1,,Публичная геометка рыболовного отчёта FisherMap. Загубская губа без речной привязки.,,,,Свирица / Загубская губа,1.829,48.428,Загубская губа,
fishermap-2265,60.465314,32.805344,Щука,FisherMap,https://ru.fishermap.org/location/2265/,2265,https://vk.com/wall-13425667_19264,2017-12-22,Свирица / Загубская губа,B,1,1,,Публичная геометка рыболовного отчёта FisherMap. Загубская губа без речной привязки.,,,,Свирица / Загубская губа,1.883,49.103,Загубская губа,
fishermap-2268,60.241982,31.949552,Окунь,FisherMap,https://ru.fishermap.org/location/2268/,2268,https://vk.com/wall-13425667_16219,2017-02-13,Дубно,B,1,1,,Публичная геометка рыболовного отчёта FisherMap. Ладожское озеро.,,,,Дубно,2.038,24.48,Ладожское озеро,
fishermap-2269,60.246687,32.003599,Окунь,FisherMap,https://ru.fishermap.org/location/2269/,2269,https://vk.com/wall-13425667_15749,2017-01-24,Дубно,B,1,1,,Публичная геометка рыболовного отчёта FisherMap. Ладожское озеро.,,,,Дубно,1.747,22.597,Ладожское озеро,
fishermap-2277,60.512406,32.714954,Окунь,FisherMap,https://ru.fishermap.org/location/2277/,2277,https://vk.com/wall-13425667_11268,2016-02-28,Свирица / Загубская губа,B,1,1,,Публичная геометка рыболовного отчёта FisherMap. Ладожское озеро.,,,,Свирица / Загубская губа,9.015,51.018,Ладожское озеро,
fishermap-2379,60.33340566,32.59986877,Плотва,FisherMap,https://ru.fishermap.org/location/2379/,2379,https://vk.com/wall-13425667_19922,2018-01-28,Вороново,B,1,1,,Публичная геометка рыболовного отчёта FisherMap. Ладожское озеро.,,,,Вороново,5.281,30.623,Ладожское озеро,
fishermap-2388,60.171751,32.203801,Плотва,FisherMap,https://ru.fishermap.org/location/2388/,2388,https://vk.com/wall-13425667_15581,2017-01-14,Креницы / Волховская губа,B,1,1,,Публичная геометка рыболовного отчёта FisherMap. Ладожское озеро.,,,,Креницы / Волховская губа,3.372,9.065,Ладожское озеро,
fishermap-2389,60.159002,32.22014,Окунь,FisherMap,https://ru.fishermap.org/location/2389/,2389,https://vk.com/wall-13425667_15530,2017-01-12,Креницы / Волховская губа,B,1,1,,Публичная геометка рыболовного отчёта FisherMap. Ладожское озеро.,,,,Креницы / Волховская губа,2.208,7.384,Ладожское озеро,
fishermap-2390,60.305559,32.590264,Окунь; Плотва,FisherMap,https://ru.fishermap.org/location/2390/,2390,https://vk.com/wall-13425667_15481,2017-01-10,Вороново,B,1,1,,Публичная геометка рыболовного отчёта FisherMap. Ладожское озеро.,,,,Вороново,2.267,27.78,Ладожское озеро,
fishermap-2401,60.310807,32.591105,Густера; Плотва,FisherMap,https://ru.fishermap.org/location/2401/,2401,https://vk.com/wall-13425667_16537,2017-03-02,Вороново,B,1,1,,Публичная геометка рыболовного отчёта FisherMap. Ладожское озеро.,,,,Вороново,2.824,28.28,Ладожское озеро,
fishermap-2402,60.205171,32.179475,Плотва,FisherMap,https://ru.fishermap.org/location/2402/,2402,https://vk.com/wall-13425667_16097,2017-02-06,Креницы / Волховская губа,B,1,1,,Публичная геометка рыболовного отчёта FisherMap. Ладожское озеро.,,,,Креницы / Волховская губа,6.712,12.939,Ладожское озеро,
fishermap-2485,60.274365,32.62844,Плотва,FisherMap,https://ru.fishermap.org/location/2485/,2485,https://vk.com/wall-13425667_26064,2019-04-30,Вороново,B,1,1,,Публичная геометка рыболовного отчёта FisherMap. Ладожское озеро.,,,,Вороново,1.972,26.494,Ладожское озеро,
fishermap-2851,60.081226,32.323061,Окунь,FisherMap,https://ru.fishermap.org/location/2851/,2851,https://vk.com/wall-52390696_2848,2018-06-13,Нижний Волхов,B,1,1,,Публичная геометка рыболовного отчёта FisherMap. нижний Волхов.,,,,Нижний Волхов,0.885,2.975,Волхов,
fishermap-2879,59.964667,31.525056,Окунь,FisherMap,https://ru.fishermap.org/location/2879/,2879,https://vk.com/wall-52390696_187,2018-02-18,Кобона / южный берег,B,1,1,,Публичная геометка рыболовного отчёта FisherMap. Ладожское озеро.,,,,Кобона / южный берег,7.396,45.418,Ладожское озеро; бухта Петрокрепость,
fishermap-2909,60.073141,32.332707,Жерех,FisherMap,https://ru.fishermap.org/location/2909/,2909,https://vk.com/wall-62669564_10889,2017-07-09,Нижний Волхов,B,1,1,,Публичная геометка рыболовного отчёта FisherMap. нижний Волхов.,,,,Нижний Волхов,0.207,4.021,Волхов,
fishermap-3551,60.131645,31.609533,Густера; Красноперка; Плотва,FisherMap,https://ru.fishermap.org/location/3551/,3551,https://vk.com/wall-1707795_15138,2019-05-20,Шлиссельбург / бухта Петрокрепость,B,1,1,,Публичная геометка рыболовного отчёта FisherMap. Ладожское озеро.,,,,Шлиссельбург / бухта Петрокрепость,1.295,38.045,Ладожское озеро,
fishermap-5608,60.239054,32.136795,Густера; Окунь; Плотва,FisherMap,https://ru.fishermap.org/location/5608/,5608,https://vk.com/wall-78808262_92870,2019-03-17,о. Птинов,B,1,1,,"Публичная геометка рыболовного отчёта FisherMap. Ладожское озеро. Предыдущий массив: Густера, окунь, плотва (FisherMap).",,,,о. Птинов,3.579,17.38,Ладожское озеро,
fishermap-5622,60.050132,31.407762,Плотва,FisherMap,https://ru.fishermap.org/location/5622/,5622,https://vk.com/wall-78808262_88179,2018-02-16,Кобона / южный берег,B,1,1,,Публичная геометка рыболовного отчёта FisherMap. Ладожское озеро.,,,,Кобона / южный берег,8.21,49.516,Ладожское озеро; бухта Петрокрепость,
fishermap-5625,60.150018,32.297909,Плотва,FisherMap,https://ru.fishermap.org/location/5625/,5625,https://vk.com/wall-78808262_88911,2018-03-17,Креницы / Волховская губа,B,1,1,,Публичная геометка рыболовного отчёта FisherMap. Ладожское озеро.,,,,Креницы / Волховская губа,2.373,5.154,Ладожское озеро,
fishermap-5636,60.140461,31.615558,Плотва,FisherMap,https://ru.fishermap.org/location/5636/,5636,https://vk.com/wall-78808262_82407,2017-05-04,Шлиссельбург / бухта Петрокрепость,B,1,1,,Публичная геометка рыболовного отчёта FisherMap. целевая прибрежная зона; водоём в метаданных не указан.,,,,Шлиссельбург / бухта Петрокрепость,2.296,37.801,,
fishermap-6144,60.271413,31.949505,Судак,FisherMap,https://ru.fishermap.org/location/6144/,6144,https://vk.com/wall-1707795_1937,2014-06-02,Дубно,B,1,1,,Публичная геометка рыболовного отчёта FisherMap. Ладожское озеро.,,,,Дубно,4.498,26.653,Ладожское озеро,
fishermap-6146,59.98731073,31.43875122,Окунь,FisherMap,https://ru.fishermap.org/location/6146/,6146,https://vk.com/wall-1707795_1758,2014-02-05,Кобона / южный берег,B,1,1,,Публичная геометка рыболовного отчёта FisherMap. Ладожское озеро.,,,,Кобона / южный берег,7.795,49.215,Ладожское озеро; бухта Петрокрепость,
fishermap-6148,59.910907,31.480048,Окунь,FisherMap,https://ru.fishermap.org/location/6148/,6148,https://vk.com/wall-1707795_1674,2014-01-12,Кобона / южный берег,B,1,1,,Публичная геометка рыболовного отчёта FisherMap. Ладожское озеро.,,,,Кобона / южный берег,13.803,50.065,Ладожское озеро; бухта Петрокрепость,
fishermap-6150,60.088915,32.304618,Судак,FisherMap,https://ru.fishermap.org/location/6150/,6150,https://vk.com/wall-1707795_2009,2014-07-02,Нижний Волхов,B,1,1,,Публичная геометка рыболовного отчёта FisherMap. нижний Волхов.,,,,Нижний Волхов,2.207,1.748,Волхов,
fishermap-6158,60.188431,32.222266,Щука,FisherMap,https://ru.fishermap.org/location/6158/,6158,https://vk.com/wall-1707795_15943,2019-09-07,Креницы / Волховская губа,B,1,1,,Публичная геометка рыболовного отчёта FisherMap. Ладожское озеро. Предыдущий массив: Щука (FisherMap).,,,,Креницы / Волховская губа,3.788,10.223,Ладожское озеро,
fishermap-6160,60.302495,32.604719,Судак,FisherMap,https://ru.fishermap.org/location/6160/,6160,https://vk.com/wall-1707795_15424,2019-06-23,Вороново,B,1,1,,Публичная геометка рыболовного отчёта FisherMap. Ладожское озеро.,,,,Вороново,1.853,27.989,Ладожское озеро,
fishermap-6162,60.120446,31.586564,Щука,FisherMap,https://ru.fishermap.org/location/6162/,6162,https://vk.com/wall-1707795_15173,2019-05-23,Шлиссельбург / бухта Петрокрепость,B,1,1,,Публичная геометка рыболовного отчёта FisherMap. Ладожское озеро.,,,,Шлиссельбург / бухта Петрокрепость,1.299,39.241,Ладожское озеро,
fishermap-6165,60.019048,31.441577,Рипус (Ряпушка),FisherMap,https://ru.fishermap.org/location/6165/,6165,https://vk.com/wall-1707795_14176,2019-02-24,Кобона / южный берег,B,1,1,,Публичная геометка рыболовного отчёта FisherMap. Ладожское озеро.,,,,Кобона / южный берег,6.145,48.231,Ладожское озеро; бухта Петрокрепость,
fishermap-6168,60.110724,31.528745,Щука; Окунь,FisherMap,https://ru.fishermap.org/location/6168/,6168,https://vk.com/wall-1707795_14194,2019-02-26,Шлиссельбург / бухта Петрокрепость,B,1,1,,Публичная геометка рыболовного отчёта FisherMap. Ладожское озеро.,,,,Шлиссельбург / бухта Петрокрепость,4.618,42.414,Ладожское озеро,
fishermap-6170,59.981948,31.513851,Окунь,FisherMap,https://ru.fishermap.org/location/6170/,6170,https://vk.com/wall-1707795_13087,2018-12-24,Кобона / южный берег,B,1,1,,Публичная геометка рыболовного отчёта FisherMap. Ладожское озеро.,,,,Кобона / южный берег,5.709,45.383,Ладожское озеро; бухта Петрокрепость,
fishermap-6171,59.974345,31.524014,Окунь,FisherMap,https://ru.fishermap.org/location/6171/,6171,https://vk.com/wall-1707795_13013,2018-12-20,Кобона / южный берег,B,1,1,,Публичная геометка рыболовного отчёта FisherMap. Ладожское озеро.,,,,Кобона / южный берег,6.355,45.112,Ладожское озеро; бухта Петрокрепость,
fishermap-6172,59.936183,31.442239,Окунь,FisherMap,https://ru.fishermap.org/location/6172/,6172,https://vk.com/wall-1707795_12920,2018-12-16,Кобона / южный берег,B,1,1,,Публичная геометка рыболовного отчёта FisherMap. Ладожское озеро.,,,,Кобона / южный берег,12.032,50.86,Ладожское озеро; бухта Петрокрепость,
fishermap-6173,60.131684,32.231764,Щука,FisherMap,https://ru.fishermap.org/location/6173/,6173,https://vk.com/wall-1707795_12843,2018-12-13,Креницы / Волховская губа,B,1,1,,Публичная геометка рыболовного отчёта FisherMap. Ладожское озеро.,,,,Креницы / Волховская губа,3.515,4.643,Ладожское озеро,
fishermap-6174,60.120491,32.319319,Щука,FisherMap,https://ru.fishermap.org/location/6174/,6174,https://vk.com/wall-1707795_12380,2018-11-17,Новая Ладога / устье Волхова,B,1,1,,Публичная геометка рыболовного отчёта FisherMap. нижний Волхов.,,,,Новая Ладога / устье Волхова,0.28,2.335,Волхов,
fishermap-6175,60.254085,31.69197,Щука,FisherMap,https://ru.fishermap.org/location/6175/,6175,https://vk.com/wall-1707795_11973,2018-08-16,Лигово,B,1,1,,Публичная геометка рыболовного отчёта FisherMap. Ладожское озеро.,,,,Лигово,5.011,37.252,Ладожское озеро,
fishermap-6176,60.254115,31.692067,Щука,FisherMap,https://ru.fishermap.org/location/6176/,6176,https://vk.com/wall-1707795_11955,2018-08-16,Лигово,B,1,1,,Публичная геометка рыболовного отчёта FisherMap. Ладожское озеро.,,,,Лигово,5.007,37.249,Ладожское озеро,
fishermap-6179,60.025646,31.533428,Окунь,FisherMap,https://ru.fishermap.org/location/6179/,6179,https://vk.com/wall-1707795_10922,2018-05-15,Кобона / южный берег,B,1,1,,Публичная геометка рыболовного отчёта FisherMap. Ладожское озеро.,,,,Кобона / южный берег,1.04,43.085,Ладожское озеро; бухта Петрокрепость,
fishermap-6180,60.021826,31.486249,Окунь,FisherMap,https://ru.fishermap.org/location/6180/,6180,https://vk.com/wall-1707795_10890,2018-05-12,Кобона / южный берег,B,1,1,,Публичная геометка рыболовного отчёта FisherMap. Ладожское озеро.,,,,Кобона / южный берег,3.656,45.738,Ладожское озеро; бухта Петрокрепость,
fishermap-6183,60.342155,32.616426,Окунь,FisherMap,https://ru.fishermap.org/location/6183/,6183,https://vk.com/wall-1707795_9630,2018-02-16,Вороново,B,1,1,,Публичная геометка рыболовного отчёта FisherMap. Ладожское озеро.,,,,Вороново,6.309,31.938,Ладожское озеро,
fishermap-6184,59.997778,31.43971,Окунь,FisherMap,https://ru.fishermap.org/location/6184/,6184,https://vk.com/wall-1707795_9266,2018-01-29,Кобона / южный берег,B,1,1,,Публичная геометка рыболовного отчёта FisherMap. Ладожское озеро.,,,,Кобона / южный берег,7.1,48.863,Ладожское озеро; бухта Петрокрепость,
fishermap-6185,59.986953,31.531942,Окунь,FisherMap,https://ru.fishermap.org/location/6185/,6185,https://vk.com/wall-1707795_9175,2018-01-27,Кобона / южный берег,B,1,1,,Публичная геометка рыболовного отчёта FisherMap. Ладожское озеро.,,,,Кобона / южный берег,4.891,44.256,Ладожское озеро; бухта Петрокрепость,
fishermap-6191,60.175403,32.212548,Окунь; Плотва,FisherMap,https://ru.fishermap.org/location/6191/,6191,https://vk.com/wall-1707795_6305,2017-03-19,Креницы / Волховская губа,B,1,1,,Публичная геометка рыболовного отчёта FisherMap. Ладожское озеро.,,,,Креницы / Волховская губа,3.134,9.158,Ладожское озеро,
fishermap-6192,60.406806,32.090174,Окунь; Судак,FisherMap,https://ru.fishermap.org/location/6192/,6192,https://vk.com/wall-1707795_2025,2014-07-15,о. Сухо,B,1,1,,Публичная геометка рыболовного отчёта FisherMap. Ладожское озеро.,,,,о. Сухо,0.123,35.529,Ладожское озеро,
fishermap-6330,60.114413,32.24307,Карась,FisherMap,https://ru.fishermap.org/location/6330/,6330,https://vk.com/wall-178041076_8244,2019-08-12,Новая Ладога / устье Волхова,B,1,1,,Публичная геометка рыболовного отчёта FisherMap. целевая прибрежная зона; водоём в метаданных не указан.,,,,Новая Ладога / устье Волхова,4.281,3.062,,
fishermap-7027,60.118082,32.324377,Окунь; Судак,FisherMap,https://ru.fishermap.org/location/7027/,7027,https://vk.com/wall-61270517_12729,2018-09-08,Новая Ладога / устье Волхова,B,1,1,,Публичная геометка рыболовного отчёта FisherMap. нижний Волхов.,,,,Новая Ладога / устье Волхова,0.243,2.322,Волхов,
fishermap-7114,60.099401,32.310595,Щука,FisherMap,https://ru.fishermap.org/location/7114/,7114,https://vk.com/wall-55049510_6447,2018-08-18,Новая Ладога / устье Волхова,B,1,1,,Публичная геометка рыболовного отчёта FisherMap. нижний Волхов.,,,,Новая Ладога / устье Волхова,2.133,1.038,Волхов,
fishermap-9093,59.975496,31.524648,Окунь,FisherMap,https://ru.fishermap.org/location/9093/,9093,https://vk.com/wall-164158114_27317,2019-02-20,Кобона / южный берег,B,1,1,,Публичная геометка рыболовного отчёта FisherMap. Ладожское озеро.,,,,Кобона / южный берег,6.222,45.037,Ладожское озеро; бухта Петрокрепость,
fishermap-9097,60.192721,31.636649,Плотва,FisherMap,https://ru.fishermap.org/location/9097/,9097,https://vk.com/wall-164158114_28896,2019-03-05,Шлиссельбург / бухта Петрокрепость,B,1,1,,Публичная геометка рыболовного отчёта FisherMap. Ладожское озеро.,,,,Шлиссельбург / бухта Петрокрепость,8.22,37.704,Ладожское озеро,
fishermap-9101,60.135523,31.571449,Щука,FisherMap,https://ru.fishermap.org/location/9101/,9101,https://vk.com/wall-164158114_30830,2019-03-19,Шлиссельбург / бухта Петрокрепость,B,1,1,,Публичная геометка рыболовного отчёта FisherMap. Ладожское озеро.,,,,Шлиссельбург / бухта Петрокрепость,2.746,40.181,Ладожское озеро,
fishermap-9118,60.132292,31.589045,Плотва,FisherMap,https://ru.fishermap.org/location/9118/,9118,https://vk.com/wall-164158114_37960,2019-04-22,Шлиссельбург / бухта Петрокрепость,B,1,1,,Публичная геометка рыболовного отчёта FisherMap. Ладожское озеро.,,,,Шлиссельбург / бухта Петрокрепость,1.793,39.182,Ладожское озеро,
fishermap-9145,60.08044339,32.32444346,Густера; Елец; Лещ,FisherMap,https://ru.fishermap.org/location/9145/,9145,https://vk.com/wall-164158114_46757,2019-05-26,Нижний Волхов,B,1,1,,Публичная геометка рыболовного отчёта FisherMap. нижний Волхов.,,,,Нижний Волхов,0.769,3.09,Волхов,
fishermap-9173,60.288713,32.545015,Судак,FisherMap,https://ru.fishermap.org/location/9173/,9173,https://vk.com/wall-164158114_54707,2019-06-22,Вороново,B,1,1,,Публичная геометка рыболовного отчёта FisherMap. Ладожское озеро.,,,,Вороново,3.117,24.813,Ладожское озеро,
fishermap-9189,60.160774,32.241598,Щука,FisherMap,https://ru.fishermap.org/location/9189/,9189,https://vk.com/wall-164158114_59435,2019-07-07,Креницы / Волховская губа,B,1,1,,Публичная геометка рыболовного отчёта FisherMap. Ладожское озеро.,,,,Креницы / Волховская губа,1.022,6.977,Ладожское озеро,
fishermap-9206,60.02312866,31.54912412,Щука,FisherMap,https://ru.fishermap.org/location/9206/,9206,https://vk.com/wall-164158114_62057,2019-07-16,Кобона / южный берег,B,1,1,,Публичная геометка рыболовного отчёта FisherMap. бухта Петрокрепость.,,,,Кобона / южный берег,0.766,42.292,бухта Петрокрепость,
fishermap-9212,60.095423,32.315172,Язь,FisherMap,https://ru.fishermap.org/location/9212/,9212,https://vk.com/wall-164158114_63136,2019-07-20,Нижний Волхов,B,1,1,,Публичная геометка рыболовного отчёта FisherMap. нижний Волхов.,,,,Нижний Волхов,2.477,1.493,Волхов,
fishermap-9231,60.129187,31.607879,Щука; Окунь,FisherMap,https://ru.fishermap.org/location/9231/,9231,https://vk.com/wall-164158114_65210,2019-07-27,Шлиссельбург / бухта Петрокрепость,B,1,1,,Публичная геометка рыболовного отчёта FisherMap. Ладожское озеро.,,,,Шлиссельбург / бухта Петрокрепость,1.028,38.116,Ладожское озеро,
fishermap-9268,60.146076,31.619132,Судак,FisherMap,https://ru.fishermap.org/location/9268/,9268,https://vk.com/wall-164158114_73745,2019-08-27,Шлиссельбург / бухта Петрокрепость,B,1,1,,Публичная геометка рыболовного отчёта FisherMap. целевая прибрежная зона; водоём в метаданных не указан.,,,,Шлиссельбург / бухта Петрокрепость,2.943,37.674,,
fishermap-9275,60.211948,32.208028,Щука,FisherMap,https://ru.fishermap.org/location/9275/,9275,https://vk.com/wall-164158114_77249,2019-09-08,Креницы / Волховская губа,B,1,1,,Публичная геометка рыболовного отчёта FisherMap. Ладожское озеро.,,,,Креницы / Волховская губа,6.452,12.941,Ладожское озеро,
fishermap-9280,60.260922,32.641088,Щука; Окунь; Линь,FisherMap,https://ru.fishermap.org/location/9280/,9280,https://vk.com/wall-164158114_79146,2019-09-14,Вороново,B,1,1,,Публичная геометка рыболовного отчёта FisherMap. целевая прибрежная зона; водоём в метаданных не указан.,,,,Вороново,3.541,25.96,,
fishermap-9301,60.095294,32.315008,Лещ,FisherMap,https://ru.fishermap.org/location/9301/,9301,https://vk.com/wall-164158114_87337,2019-10-14,Нижний Волхов,B,1,1,,Публичная геометка рыболовного отчёта FisherMap. нижний Волхов.,,,,Нижний Волхов,2.467,1.495,Волхов,
fishermap-10629,60.13500888,31.60938263,Окунь,FisherMap,https://ru.fishermap.org/location/10629/,10629,https://vk.com/wall-165396959_263298,2019-10-01,Шлиссельбург / бухта Петрокрепость,B,1,1,,Публичная геометка рыболовного отчёта FisherMap. Ладожское озеро.,,,,Шлиссельбург / бухта Петрокрепость,1.669,38.084,Ладожское озеро,
fishermap-10705,60.113432,32.287226,Окунь,FisherMap,https://ru.fishermap.org/location/10705/,10705,https://vk.com/wall-114375980_129571,2019-09-29,Новая Ладога / устье Волхова,B,1,1,,Публичная геометка рыболовного отчёта FisherMap. целевая прибрежная зона; водоём в метаданных не указан.,,,,Новая Ладога / устье Волхова,1.885,1.144,,
fishermap-11075,60.121404,31.563588,Щука,FisherMap,https://ru.fishermap.org/location/11075/,11075,https://vk.com/wall-150246881_299609,2019-07-05,Шлиссельбург / бухта Петрокрепость,B,1,1,,Публичная геометка рыболовного отчёта FisherMap. Ладожское озеро.,,,,Шлиссельбург / бухта Петрокрепость,2.576,40.517,Ладожское озеро,
fishermap-11480,60.104283,32.272784,Карась,FisherMap,https://ru.fishermap.org/location/11480/,11480,https://vk.com/wall-294312_1191671,2019-08-12,Новая Ладога / устье Волхова,B,1,1,,Публичная геометка рыболовного отчёта FisherMap. целевая прибрежная зона; водоём в метаданных не указан.,,,,Новая Ладога / устье Волхова,3.028,1.176,,
fishermap-11621,60.10201304,32.3260206,Судак,FisherMap,https://ru.fishermap.org/location/11621/,11621,https://vk.com/wall-161376023_215999,2019-08-17,Новая Ладога / устье Волхова,B,1,1,,Публичная геометка рыболовного отчёта FisherMap. нижний Волхов.,,,,Новая Ладога / устье Волхова,1.809,1.786,Волхов,
fishermap-11684,60.110836,32.325533,Щука,FisherMap,https://ru.fishermap.org/location/11684/,11684,https://vk.com/wall-56433000_2005158,2019-10-23,Новая Ладога / устье Волхова,B,1,1,,Публичная геометка рыболовного отчёта FisherMap. нижний Волхов.,,,,Новая Ладога / устье Волхова,0.854,1.92,Волхов,
fishermap-13142,60.191962,32.223892,Щука,FisherMap,https://ru.fishermap.org/location/13142/,13142,https://vk.com/wall-52321266_491861,2019-09-09,Креницы / Волховская губа,B,1,1,,Публичная геометка рыболовного отчёта FisherMap. Ладожское озеро.,,,,Креницы / Волховская губа,4.077,10.552,Ладожское озеро,
fishermap-13175,60.12697277,31.60388947,Окунь,FisherMap,https://ru.fishermap.org/location/13175/,13175,https://vk.com/wall-52321266_507697,2019-11-26,Шлиссельбург / бухта Петрокрепость,B,1,1,,Публичная геометка рыболовного отчёта FisherMap. Ладожское озеро.,,,,Шлиссельбург / бухта Петрокрепость,0.846,38.321,Ладожское озеро,
fishermap-13400,60.453156,32.811084,Плотва,FisherMap,https://ru.fishermap.org/location/13400/,13400,https://vk.com/wall-10618634_376552,2019-05-15,Свирица / Загубская губа,B,1,1,,Публичная геометка рыболовного отчёта FisherMap. Загубская губа без речной привязки.,,,,Свирица / Загубская губа,0.602,48.192,Загубская губа,
fishermap-13409,60.267281,32.048983,Щука,FisherMap,https://ru.fishermap.org/location/13409/,13409,https://vk.com/wall-10618634_379666,2019-06-03,о. Птинов,B,1,1,,Публичная геометка рыболовного отчёта FisherMap. Ладожское озеро.,,,,о. Птинов,2.244,22.677,Ладожское озеро,
fishermap-13412,60.207024,32.204395,Щука,FisherMap,https://ru.fishermap.org/location/13412/,13412,https://vk.com/wall-10618634_380875,2019-06-08,Креницы / Волховская губа,B,1,1,,Публичная геометка рыболовного отчёта FisherMap. Ладожское озеро.,,,,Креницы / Волховская губа,6.066,12.512,Ладожское озеро,
fishermap-13423,60.1155564,32.33851433,Щука,FisherMap,https://ru.fishermap.org/location/13423/,13423,https://vk.com/wall-10618634_388731,2019-07-24,Новая Ладога / устье Волхова,B,1,1,,Публичная геометка рыболовного отчёта FisherMap. нижний Волхов.,,,,Новая Ладога / устье Волхова,1.061,2.797,Волхов,
fishermap-13441,60.068341,32.338351,Лещ,FisherMap,https://ru.fishermap.org/location/13441/,13441,https://vk.com/wall-10618634_393580,2019-09-17,Нижний Волхов,B,1,1,,Публичная геометка рыболовного отчёта FisherMap. нижний Волхов.,,,,Нижний Волхов,0.798,4.639,Волхов,
fishermap-14097,60.120745,32.318611,Щука; Карп; Лещ,FisherMap,https://ru.fishermap.org/location/14097/,14097,https://vk.com/wall-47864815_4174,2019-09-02,Новая Ладога / устье Волхова,B,1,1,,Публичная геометка рыболовного отчёта FisherMap. нижний Волхов.,,,,Новая Ладога / устье Волхова,0.315,2.335,Волхов,
fishermap-14098,60.15183,32.258078,Щука; Окунь,FisherMap,https://ru.fishermap.org/location/14098/,14098,https://vk.com/wall-47864815_4211,2019-09-05,Креницы / Волховская губа,B,1,1,,Публичная геометка рыболовного отчёта FisherMap. Ладожское озеро.,,,,Креницы / Волховская губа,0.915,5.708,Ладожское озеро,
fishermap-14369,60.100498,32.313622,Лещ,FisherMap,https://ru.fishermap.org/location/14369/,14369,https://vk.com/wall-1610594_16023,2016-05-22,Новая Ладога / устье Волхова,B,1,1,,Публичная геометка рыболовного отчёта FisherMap. нижний Волхов.,,,,Новая Ладога / устье Волхова,1.978,1.146,Волхов,
fishermap-14383,60.10428,31.535041,Плотва,FisherMap,https://ru.fishermap.org/location/14383/,14383,https://vk.com/wall-1610594_18615,2016-12-24,Шлиссельбург / бухта Петрокрепость,B,1,1,,Публичная геометка рыболовного отчёта FisherMap. Ладожское озеро.,,,,Шлиссельбург / бухта Петрокрепость,4.506,42.062,Ладожское озеро,
fishermap-15368,60.165785,32.248314,Щука,FisherMap,https://ru.fishermap.org/location/15368/,15368,https://vk.com/wall-162151399_14998,2019-06-17,Креницы / Волховская губа,B,1,1,,Публичная геометка рыболовного отчёта FisherMap. Ладожское озеро.,,,,Креницы / Волховская губа,0.912,7.351,Ладожское озеро,
fishermap-15377,59.946064,31.578757,Щука; Лещ,FisherMap,https://ru.fishermap.org/location/15377/,15377,https://vk.com/wall-162151399_17557,2019-06-28,Кобона / южный берег,B,1,1,,Публичная геометка рыболовного отчёта FisherMap. целевая прибрежная зона; водоём в метаданных не указан.,,,,Кобона / южный берег,9.469,43.429,,
fishermap-15385,59.982637,31.55379,Щука; Судак,FisherMap,https://ru.fishermap.org/location/15385/,15385,https://vk.com/wall-162151399_18909,2019-07-07,Кобона / южный берег,B,1,1,,Публичная геометка рыболовного отчёта FisherMap. Ладожское озеро.,,,,Кобона / южный берег,5.271,43.247,Ладожское озеро; бухта Петрокрепость,
fishermap-15386,60.20561,32.41823,Судак,FisherMap,https://ru.fishermap.org/location/15386/,15386,https://vk.com/wall-162151399_19155,2019-07-08,Креницы / Волховская губа,B,1,1,,Публичная геометка рыболовного отчёта FisherMap. Ладожское озеро. Предыдущий массив: Судак (FisherMap).,,,,Креницы / Волховская губа,10.112,13.254,Ладожское озеро,
fishermap-15389,60.213908,32.2246,Щука; Судак,FisherMap,https://ru.fishermap.org/location/15389/,15389,https://vk.com/wall-162151399_19843,2019-07-12,Креницы / Волховская губа,B,1,1,,Публичная геометка рыболовного отчёта FisherMap. Ладожское озеро.,,,,Креницы / Волховская губа,6.306,12.841,Ладожское озеро,
fishermap-15393,60.150206,31.622075,Щука,FisherMap,https://ru.fishermap.org/location/15393/,15393,https://vk.com/wall-162151399_20292,2019-07-14,Шлиссельбург / бухта Петрокрепость,B,1,1,,Публичная геометка рыболовного отчёта FisherMap. целевая прибрежная зона; водоём в метаданных не указан.,,,,Шлиссельбург / бухта Петрокрепость,3.425,37.57,,
fishermap-15397,60.213078,32.448773,Щука; Судак,FisherMap,https://ru.fishermap.org/location/15397/,15397,https://vk.com/wall-162151399_20512,2019-07-15,Вороново,B,1,1,,Публичная геометка рыболовного отчёта FisherMap. Ладожское озеро.,,,,Вороново,11.68,14.874,Ладожское озеро,
fishermap-15405,59.946032,31.578957,Щука,FisherMap,https://ru.fishermap.org/location/15405/,15405,https://vk.com/wall-162151399_21636,2019-07-22,Кобона / южный берег,B,1,1,,Публичная геометка рыболовного отчёта FisherMap. целевая прибрежная зона; водоём в метаданных не указан.,,,,Кобона / южный берег,9.475,43.421,,
fishermap-15407,60.083858,32.30831,Лещ; Сом,FisherMap,https://ru.fishermap.org/location/15407/,15407,https://vk.com/wall-162151399_22765,2019-07-28,Нижний Волхов,B,1,1,,Публичная геометка рыболовного отчёта FisherMap. нижний Волхов.,,,,Нижний Волхов,1.687,2.346,Волхов,
fishermap-15415,60.238105,31.97625,Окунь,FisherMap,https://ru.fishermap.org/location/15415/,15415,https://vk.com/wall-162151399_24106,2019-08-08,Дубно,B,1,1,,Публичная геометка рыболовного отчёта FisherMap. Ладожское озеро.,,,,Дубно,0.552,23.068,Ладожское озеро,
fishermap-15421,60.097415,32.310195,Щука; Судак,FisherMap,https://ru.fishermap.org/location/15421/,15421,https://vk.com/wall-162151399_24395,2019-08-12,Новая Ладога / устье Волхова,B,1,1,,Публичная геометка рыболовного отчёта FisherMap. нижний Волхов.,,,,Новая Ладога / устье Волхова,2.353,1.139,Волхов,
fishermap-15443,60.153482,32.484413,Щука; Судак,FisherMap,https://ru.fishermap.org/location/15443/,15443,https://vk.com/wall-162151399_28467,2019-10-01,Новая Ладога / устье Волхова,B,1,1,,Публичная геометка рыболовного отчёта FisherMap. Ладожское озеро.,,,,Новая Ладога / устье Волхова,9.922,11.91,Ладожское озеро,
fishermap-15447,59.981745,31.4043,Щука; Окунь,FisherMap,https://ru.fishermap.org/location/15447/,15447,https://vk.com/wall-162151399_29938,2019-10-18,Кобона / южный берег,B,1,1,,Публичная геометка рыболовного отчёта FisherMap. Ладожское озеро.,,,,Кобона / южный берег,9.715,51.227,Ладожское озеро; бухта Петрокрепость,
fishermap-15453,60.232853,32.055904,Щука; Голавль; Окунь,FisherMap,https://ru.fishermap.org/location/15453/,15453,https://vk.com/wall-162151399_34100,2019-11-26,о. Птинов,B,1,1,,"Публичная геометка рыболовного отчёта FisherMap. Ладожское озеро. Предыдущий массив: Щука, голавль, окунь (FisherMap).",,,,о. Птинов,2.642,19.484,Ладожское озеро,
fishermap-16225,59.985343,31.526859,Щука,FisherMap,https://ru.fishermap.org/location/16225/,16225,https://vk.com/wall-21779973_76078,2017-09-27,Кобона / южный берег,B,1,1,,Публичная геометка рыболовного отчёта FisherMap. Ладожское озеро.,,,,Кобона / южный берег,5.13,44.579,Ладожское озеро; бухта Петрокрепость,
fishermap-16228,60.127233,31.595003,Окунь,FisherMap,https://ru.fishermap.org/location/16228/,16228,https://vk.com/wall-21779973_78094,2017-12-24,Шлиссельбург / бухта Петрокрепость,B,1,1,,Публичная геометка рыболовного отчёта FisherMap. Ладожское озеро.,,,,Шлиссельбург / бухта Петрокрепость,1.156,38.814,Ладожское озеро,
fishermap-16230,59.979758,31.494377,Окунь; Плотва,FisherMap,https://ru.fishermap.org/location/16230/,16230,https://vk.com/wall-21779973_79411,2018-01-23,Кобона / южный берег,B,1,1,,Публичная геометка рыболовного отчёта FisherMap. Ладожское озеро.,,,,Кобона / южный берег,6.385,46.49,Ладожское озеро; бухта Петрокрепость,
fishermap-16235,60.141119,32.215248,Щука,FisherMap,https://ru.fishermap.org/location/16235/,16235,https://vk.com/wall-21779973_81235,2018-02-17,Креницы / Волховская губа,B,1,1,,Публичная геометка рыболовного отчёта FisherMap. Ладожское озеро. Предыдущий массив: Щука (FisherMap).,,,,Креницы / Волховская губа,3.247,6.027,Ладожское озеро,
fishermap-16240,60.188581,32.172667,Окунь,FisherMap,https://ru.fishermap.org/location/16240/,16240,https://vk.com/wall-21779973_83367,2018-03-29,Креницы / Волховская губа,B,1,1,,Публичная геометка рыболовного отчёта FisherMap. Ладожское озеро.,,,,Креницы / Волховская губа,5.782,11.582,Ладожское озеро,
fishermap-16243,60.269817,32.609065,Лещ; Плотва,FisherMap,https://ru.fishermap.org/location/16243/,16243,https://vk.com/wall-21779973_83933,2018-04-07,Вороново,B,1,1,,Публичная геометка рыболовного отчёта FisherMap. Ладожское озеро.,,,,Вороново,1.841,25.388,Ладожское озеро,
fishermap-16244,60.04905,32.344292,Лещ,FisherMap,https://ru.fishermap.org/location/16244/,16244,https://vk.com/wall-21779973_85295,2018-08-02,Нижний Волхов,B,1,1,,Публичная геометка рыболовного отчёта FisherMap. нижний Волхов.,,,,Нижний Волхов,2.953,6.688,Волхов,
fishermap-16245,60.028505,31.452973,Окунь,FisherMap,https://ru.fishermap.org/location/16245/,16245,https://vk.com/wall-21779973_88393,2019-02-16,Кобона / южный берег,B,1,1,,Публичная геометка рыболовного отчёта FisherMap. Ладожское озеро.,,,,Кобона / южный берег,5.392,47.407,Ладожское озеро; бухта Петрокрепость,
fishermap-16246,60.015231,31.407798,Плотва,FisherMap,https://ru.fishermap.org/location/16246/,16246,https://vk.com/wall-21779973_89247,2019-03-26,Кобона / южный берег,B,1,1,,Публичная геометка рыболовного отчёта FisherMap. Ладожское озеро.,,,,Кобона / южный берег,8.07,50.155,Ладожское озеро; бухта Петрокрепость,
fishermap-16559,59.97432,31.511137,Окунь,FisherMap,https://ru.fishermap.org/location/16559/,16559,https://vk.com/wall-114375980_108144,2018-12-16,Кобона / южный берег,B,1,1,,Публичная геометка рыболовного отчёта FisherMap. Ладожское озеро.,,,,Кобона / южный берег,6.557,45.791,Ладожское озеро; бухта Петрокрепость,
fishermap-16562,59.974928,31.517438,Окунь,FisherMap,https://ru.fishermap.org/location/16562/,16562,https://vk.com/wall-114375980_108435,2018-12-19,Кобона / южный берег,B,1,1,,Публичная геометка рыболовного отчёта FisherMap. Ладожское озеро.,,,,Кобона / южный берег,6.386,45.438,Ладожское озеро; бухта Петрокрепость,
fishermap-16564,59.978596,31.52809,Окунь,FisherMap,https://ru.fishermap.org/location/16564/,16564,https://vk.com/wall-114375980_109435,2018-12-26,Кобона / южный берег,B,1,1,,Публичная геометка рыболовного отчёта FisherMap. Ладожское озеро.,,,,Кобона / южный берег,5.844,44.746,Ладожское озеро; бухта Петрокрепость,
fishermap-16567,60.184477,32.214768,Окунь,FisherMap,https://ru.fishermap.org/location/16567/,16567,https://vk.com/wall-114375980_110444,2019-01-07,Креницы / Волховская губа,B,1,1,,Публичная геометка рыболовного отчёта FisherMap. Ладожское озеро.,,,,Креницы / Волховская губа,3.697,9.994,Ладожское озеро,
fishermap-16574,60.187433,31.633171,Налим; Плотва,FisherMap,https://ru.fishermap.org/location/16574/,16574,https://vk.com/wall-114375980_113829,2019-02-01,Шлиссельбург / бухта Петрокрепость,B,1,1,,Публичная геометка рыболовного отчёта FisherMap. Ладожское озеро.,,,,Шлиссельбург / бухта Петрокрепость,7.607,37.743,Ладожское озеро,
fishermap-16590,60.254021,31.691589,Щука; Судак,FisherMap,https://ru.fishermap.org/location/16590/,16590,https://vk.com/wall-114375980_120331,2018-08-27,Лигово,B,1,1,,Публичная геометка рыболовного отчёта FisherMap. Ладожское озеро.,,,,Лигово,5.029,37.268,Ладожское озеро,
fishermap-16595,60.226807,31.788919,Щука; Язь; Плотва,FisherMap,https://ru.fishermap.org/location/16595/,16595,https://vk.com/wall-114375980_121684,2019-04-22,Лигово,B,1,1,,Публичная геометка рыболовного отчёта FisherMap. Ладожское озеро.,,,,Лигово,1.67,31.112,Ладожское озеро,
fishermap-16604,60.064805,32.345053,Язь; Лещ,FisherMap,https://ru.fishermap.org/location/16604/,16604,https://vk.com/wall-114375980_122793,2019-05-09,Нижний Волхов,B,1,1,,Публичная геометка рыболовного отчёта FisherMap. нижний Волхов.,,,,Нижний Волхов,1.316,5.171,Волхов,
fishermap-16626,60.148447,32.242821,Окунь; Судак,FisherMap,https://ru.fishermap.org/location/16626/,16626,https://vk.com/wall-114375980_127858,2019-08-13,Креницы / Волховская губа,B,1,1,,"Публичная геометка рыболовного отчёта FisherMap. Ладожское озеро. Предыдущий массив: Окунь, судак (FisherMap).",,,,Креницы / Волховская губа,1.598,5.725,Ладожское озеро,
fishermap-16637,60.225864,31.982064,Щука,FisherMap,https://ru.fishermap.org/location/16637/,16637,https://vk.com/wall-114375980_129013,2019-09-11,Дубно,B,1,1,,Публичная геометка рыболовного отчёта FisherMap. Ладожское озеро. Предыдущий массив: Щука (FisherMap).,,,,Дубно,0.975,21.96,Ладожское озеро,
fishermap-20067,60.13091667,32.33388611,Густера; Плотва,FisherMap,https://ru.fishermap.org/location/20067/,20067,http://fishingmaniya.ru,2019-08-09,Новая Ладога / устье Волхова,B,1,1,,Публичная геометка рыболовного отчёта FisherMap. нижний Волхов.,,,,Новая Ладога / устье Волхова,1.629,3.747,Волхов,
fishermap-20188,60.225408,32.129243,Окунь,FisherMap,https://ru.fishermap.org/location/20188/,20188,https://vk.com/public1707795?w=wall-1707795_46030,2022-01-04,о. Птинов,B,1,1,,Публичная геометка рыболовного отчёта FisherMap. Ладожское озеро.,,,,о. Птинов,4.19,16.315,Ладожское озеро,
fishermap-20191,60.119097,32.340207,Плотва,FisherMap,https://ru.fishermap.org/location/20191/,20191,https://vk.com/public1707795?w=wall-1707795_49346,2022-04-06,Новая Ладога / устье Волхова,B,1,1,,Публичная геометка рыболовного отчёта FisherMap. нижний Волхов.,,,,Новая Ладога / устье Волхова,1.126,3.08,Волхов,
fishermap-20195,60.285915,32.601296,Густера; Налим; Плотва,FisherMap,https://ru.fishermap.org/location/20195/,20195,https://vk.com/public1707795?w=wall-1707795_53274,2022-11-29,Вороново,B,1,1,,Публичная геометка рыболовного отчёта FisherMap. Ладожское озеро. Предыдущий массив: Вороново — геометка отчёта (геометка отчёта).,,,,Вороново,0,26.438,Ладожское озеро,
fishermap-20200,60.021502,31.475682,Окунь; Сиг,FisherMap,https://ru.fishermap.org/location/20200/,20200,https://vk.com/public1707795?w=wall-1707795_55955,2023-01-14,Кобона / южный берег,B,1,1,,Публичная геометка рыболовного отчёта FisherMap. Ладожское озеро.,,,,Кобона / южный берег,4.235,46.32,Ладожское озеро; бухта Петрокрепость,
fishermap-20204,60.129703,32.242394,Щука,FisherMap,https://ru.fishermap.org/location/20204/,20204,https://vk.com/public1707795?w=wall-1707795_57024,2023-02-05,Креницы / Волховская губа,B,1,1,,Публичная геометка рыболовного отчёта FisherMap. Ладожское озеро.,,,,Креницы / Волховская губа,3.507,4.064,Ладожское озеро,
fishermap-20205,60.028511,31.469672,Окунь; Плотва,FisherMap,https://ru.fishermap.org/location/20205/,20205,https://vk.com/public1707795?w=wall-1707795_57457,2023-02-15,Кобона / южный берег,B,1,1,,Публичная геометка рыболовного отчёта FisherMap. Ладожское озеро.,,,,Кобона / южный берег,4.465,46.496,Ладожское озеро; бухта Петрокрепость,
fishermap-20206,60.132812,32.239792,Щука,FisherMap,https://ru.fishermap.org/location/20206/,20206,https://vk.com/public1707795?w=wall-1707795_57494,2023-02-16,Креницы / Волховская губа,B,1,1,,Публичная геометка рыболовного отчёта FisherMap. Ладожское озеро.,,,,Креницы / Волховская губа,3.223,4.414,Ладожское озеро,
fishermap-20207,60.070309,31.382218,Окунь,FisherMap,https://ru.fishermap.org/location/20207/,20207,https://vk.com/public1707795?w=wall-1707795_57778,2023-02-25,Кобона / южный берег,B,1,1,,Публичная геометка рыболовного отчёта FisherMap. Ладожское озеро.,,,,Кобона / южный берег,10.336,50.694,Ладожское озеро; бухта Петрокрепость,
fishermap-20209,60.028196,31.529794,Плотва,FisherMap,https://ru.fishermap.org/location/20209/,20209,https://vk.com/public162151399?w=wall-162151399_195313,2023-04-04,Кобона / южный берег,B,1,1,,Публичная геометка рыболовного отчёта FisherMap. Ладожское озеро.,,,,Кобона / южный берег,1.14,43.225,Ладожское озеро; бухта Петрокрепость,
fishermap-20215,60.058404,32.339714,Лещ,FisherMap,https://ru.fishermap.org/location/20215/,20215,https://vk.com/public162151399?w=wall-162151399_206870,2023-09-17,Нижний Волхов,B,1,1,,Публичная геометка рыболовного отчёта FisherMap. нижний Волхов.,,,,Нижний Волхов,1.883,5.641,Волхов,
fishermap-20239,60.135595,32.455839,Лещ,FisherMap,https://ru.fishermap.org/location/20239/,20239,https://vk.com/public189584782?w=wall-189584782_24003,2021-05-10,Новая Ладога / устье Волхова,B,1,1,,Публичная геометка рыболовного отчёта FisherMap. целевая прибрежная зона; водоём в метаданных не указан.,,,,Новая Ладога / устье Волхова,7.774,9.642,,
fishermap-20271,60.105391,31.57502,Окунь; Плотва,FisherMap,https://ru.fishermap.org/location/20271/,20271,https://vk.com/public76517308?w=wall-76517308_12367,2022-02-12,Шлиссельбург / бухта Петрокрепость,B,1,1,,Публичная геометка рыболовного отчёта FisherMap. Ладожское озеро.,,,,Шлиссельбург / бухта Петрокрепость,2.529,39.846,Ладожское озеро,
fishermap-20283,60.11502,32.306801,Карась,FisherMap,https://ru.fishermap.org/location/20283/,20283,https://vk.com/public10618634?w=wall-10618634_486664,2023-05-12,Новая Ладога / устье Волхова,B,1,1,,Публичная геометка рыболовного отчёта FisherMap. целевая прибрежная зона; водоём в метаданных не указан.,,,,Новая Ладога / устье Волхова,0.803,1.444,,
fishermap-20284,60.085507,32.314274,Карась,FisherMap,https://ru.fishermap.org/location/20284/,20284,https://vk.com/public10618634?w=wall-10618634_486720,2023-05-12,Нижний Волхов,B,1,1,,Публичная геометка рыболовного отчёта FisherMap. нижний Волхов.,,,,Нижний Волхов,1.563,2.316,Волхов,
fishermap-20292,60.262203,31.943687,Окунь,FisherMap,https://ru.fishermap.org/location/20292/,20292,https://vk.com/public10618634?w=wall-10618634_508414,2024-02-10,Дубно,B,1,1,,Публичная геометка рыболовного отчёта FisherMap. Ладожское озеро. Предыдущий массив: Дубно — хорошая рыбалка (геометка отчёта).,,,,Дубно,3.769,26.186,Ладожское озеро,
fishermap-20303,59.978608,31.418379,Окунь; Плотва,FisherMap,https://ru.fishermap.org/location/20303/,20303,https://vk.com/public204282817?w=wall-204282817_26750,2023-12-17,Кобона / южный берег,B,1,1,,Публичная геометка рыболовного отчёта FisherMap. Ладожское озеро.,,,,Кобона / южный берег,9.284,50.571,Ладожское озеро; бухта Петрокрепость,
fishermap-20306,60.029512,31.508122,Плотва,FisherMap,https://ru.fishermap.org/location/20306/,20306,https://vk.com/public52321266?w=wall-52321266_718888,2024-03-11,Кобона / южный берег,B,1,1,,Публичная геометка рыболовного отчёта FisherMap. Ладожское озеро.,,,,Кобона / южный берег,2.327,44.377,Ладожское озеро; бухта Петрокрепость,
fishermap-20307,59.977616,31.718685,Щука,FisherMap,https://ru.fishermap.org/location/20307/,20307,https://vk.com/public47864815?w=wall-47864815_12388,2022-05-27,Кобона / южный берег,B,1,1,,Публичная геометка рыболовного отчёта FisherMap. целевая прибрежная зона; водоём в метаданных не указан.,,,,Кобона / южный берег,11.039,34.887,,
fishermap-20310,60.268015,32.321594,Судак,FisherMap,https://ru.fishermap.org/location/20310/,20310,https://vk.com/public1707795?w=wall-1707795_62285,2023-07-31,Варецкие банки,B,1,1,,Публичная геометка рыболовного отчёта FisherMap. Ладожское озеро.,,,,Варецкие банки,12.317,18.333,Ладожское озеро,
fishermap-20311,60.146112,32.306103,Окунь; Щука,FisherMap,https://ru.fishermap.org/location/20311/,20311,https://vk.com/public1707795?w=wall-1707795_62598,2023-09-04,Креницы / Волховская губа,B,1,1,,Публичная геометка рыболовного отчёта FisherMap. Ладожское озеро.,,,,Креницы / Волховская губа,2.982,4.762,Ладожское озеро,
fishermap-20313,60.027102,31.490503,Плотва,FisherMap,https://ru.fishermap.org/location/20313/,20313,https://vk.com/public1707795?w=wall-1707795_63773,2023-12-09,Кобона / южный берег,B,1,1,,Публичная геометка рыболовного отчёта FisherMap. Ладожское озеро.,,,,Кобона / южный берег,3.321,45.389,Ладожское озеро; бухта Петрокрепость,
fishermap-20314,60.181919,32.176908,Щука,FisherMap,https://ru.fishermap.org/location/20314/,20314,https://vk.com/public1707795?w=wall-1707795_64009,2023-12-16,Креницы / Волховская губа,B,1,1,,Публичная геометка рыболовного отчёта FisherMap. Ладожское озеро.,,,,Креницы / Волховская губа,5.202,10.845,Ладожское озеро,
fishermap-20315,60.024504,31.495277,Окунь,FisherMap,https://ru.fishermap.org/location/20315/,20315,https://vk.com/public1707795?w=wall-1707795_65280,2024-01-27,Кобона / южный берег,B,1,1,,Публичная геометка рыболовного отчёта FisherMap. Ладожское озеро.,,,,Кобона / южный берег,3.101,45.186,Ладожское озеро; бухта Петрокрепость,
fishermap-20319,60.051801,31.412675,Окунь; Плотва,FisherMap,https://ru.fishermap.org/location/20319/,20319,https://vk.com/public1707795?w=wall-1707795_65976,2024-02-21,Кобона / южный берег,B,1,1,,Публичная геометка рыболовного отчёта FisherMap. Ладожское озеро.,,,,Кобона / южный берег,8.002,49.222,Ладожское озеро; бухта Петрокрепость,
fishermap-20321,60.185097,32.173108,Плотва; Щука,FisherMap,https://ru.fishermap.org/location/20321/,20321,https://vk.com/public1707795?w=wall-1707795_66745,2024-03-13,Креницы / Волховская губа,B,1,1,,Публичная геометка рыболовного отчёта FisherMap. Ладожское озеро.,,,,Креницы / Волховская губа,5.557,11.254,Ладожское озеро,
fishermap-20322,60.161998,32.21751,Плотва,FisherMap,https://ru.fishermap.org/location/20322/,20322,https://vk.com/public1707795?w=wall-1707795_66937,2024-03-19,Креницы / Волховская губа,B,1,1,,Публичная геометка рыболовного отчёта FisherMap. Ладожское озеро.,,,,Креницы / Волховская губа,2.361,7.742,Ладожское озеро,
fishermap-20324,60.178317,31.667315,Щука,FisherMap,https://ru.fishermap.org/location/20324/,20324,https://vk.com/public162151399?w=wall-162151399_214865,2024-02-21,Шлиссельбург / бухта Петрокрепость,B,1,1,,Публичная геометка рыболовного отчёта FisherMap. целевая прибрежная зона; водоём в метаданных не указан.,,,,Шлиссельбург / бухта Петрокрепость,7.219,35.67,,
fishermap-21215,60.131007,31.608684,Густера,FisherMap,https://ru.fishermap.org/location/21215/,21215,https://vk.com/public130350672?w=wall-130350672_11330,2024-06-07,Шлиссельбург / бухта Петрокрепость,B,1,1,,Публичная геометка рыболовного отчёта FisherMap. Ладожское озеро.,,,,Шлиссельбург / бухта Петрокрепость,1.226,38.086,Ладожское озеро,
fishing-report-120755,60.073101,32.333503,Лещ,fishing-report.ru,https://fishing-report.ru/120755/,120755,,2026-09-21,Нижний Волхов,B,1,1,,"Публичная геометка отчёта fishing-report.ru. нижний Волхов. Всем привет.👋Ну что сказать, Волхов в этот раз выдал по полной! Эмоции зашкаливают — таких мощных поклевок я давно не припомню. Рыбалка была непростой: ветер лютый, дождь поливал переодически, но нас это не остановило. «Алешки» (лещи) как на подбор — все ровные, от 1,5 до 2 кг. Самый крупный потянул на 2,2 кг. 🎣 Было очень много сходов, адреналина — море! Рыба берет так резко, что даже шнур 0,16 не выдерживал и рвался на рывках. Еще удалось взять одного линя, но, похоже, их сезон уже подходит к концу . Зацепил кормушку местного умельца -это нечто .В общем, рыбалка удалась, несмотря на капризы погоды.Всем НХНЧ. -->",,,,Нижний Волхов,0.213,4.048,Река Волхов,
fishing-report-120199,60.055396,32.3414,Подлещик; Густера; Лещ; Синец; Карась,fishing-report.ru,https://fishing-report.ru/120199/,120199,,2026-05-08,Нижний Волхов,B,1,1,,Публичная геометка отчёта fishing-report.ru. нижний Волхов. Волхов [id792616711|Александр П] -->,,,,Нижний Волхов,2.229,5.982,Река Волхов,
fishing-report-119872,60.268709,31.852692,Судак,fishing-report.ru,https://fishing-report.ru/119872/,119872,,2026-02-18,Лигово,B,1,1,,"Публичная геометка отчёта fishing-report.ru. Ладожское озеро. Отчитаюсь. Лигово 16 и 17 ое число (на фото уловы разных дней), смотрю инфу никто не сливает…а все порят по тихому😂😂😂. Мармулет в почете, все дзюбят, но были исключения (кстати видел кадра который прицепил к судаковой удочке с катушкой кивок и поставил мормулет, кстати даже что то ловил😂😂😂 . От берега 3 км. Доклад закончил! P.S. умудрился засадить машину на полном приводе, огромное спасибо товарищам по увлечению на Ниве которые не бросили в беде и помогли вытащить. [id530215775|Кирилл Космос] --> Предыдущий массив: Лигово — судак (геометка отчёта).",,,,Лигово,5.11,30.525,Ладожское озеро,
fishing-report-95002,59.928905,31.370381,Окунь,fishing-report.ru,https://fishing-report.ru/95002/,95002,,2025-11-04,Кобона / южный берег,B,1,1,,"Публичная геометка отчёта fishing-report.ru. бухта Петрокрепость. Назия, сегодня пороли все! [id530215775|Кирилл Космос] -->",,,,Кобона / южный берег,15.041,54.881,бухта Петрокрепость,
fishing-report-58712,60.017712,31.474687,Окунь,fishing-report.ru,https://fishing-report.ru/58712/,58712,,2025-01-23,Кобона / южный берег,B,1,1,,"Публичная геометка отчёта fishing-report.ru. бухта Петрокрепость. Ладога! Кобона! Окунь, и он нас ждал! Конечно он пытался нас вымотать и взять измором ( чтобы от бессилия руки не поднимались после 2 х часовой раздачи) . Мы смогли!!! Всех детей в лунку! [id22800698|Александр Шмидт] -->",,,,Кобона / южный берег,4.402,46.461,бухта Петрокрепость,
fishing-report-51112,60.262203,31.943687,,fishing-report.ru,https://fishing-report.ru/51112/,51112,,2024-02-17,Дубно,B,1,1,,Публичная геометка отчёта fishing-report.ru. Ладожское озеро. Дубно! Отличная погода и хорошая рыбалка! -->,,,,Дубно,3.769,26.186,Ладожское озеро,
fishing-report-50674,60.405998,32.091712,Окунь,fishing-report.ru,https://fishing-report.ru/50674/,50674,,2024-01-28,о. Сухо,B,1,1,,"Публичная геометка отчёта fishing-report.ru. Ладожское озеро. Остров Сухо ! Наша экспедиция состоялась! Зимой мы здесь впервые! Летом бываем переодически и ловим окуня! Цель поездки была безусловно поимка морда того окуня , так как мелочь надоела ! В итоге полный 0. На грядах и на свалках ,а так же на глубинах до 4 метров окунь отсутствует! Сфотографировались на память и погнали в Дубно! Там подловили десятка 3 окуней и по каналу ,уже затемно поехали в креницы! -->",,,,о. Сухо,0,35.417,Ладожское озеро,
fishing-report-49035,60.04941,32.344204,Карп,fishing-report.ru,https://fishing-report.ru/49035/,49035,,2023-11-02,Нижний Волхов,B,1,1,,Публичная геометка отчёта fishing-report.ru. нижний Волхов. -->,,,,Нижний Волхов,2.913,6.65,Река Волхов,
fishing-report-40520,60.085507,32.314274,Карась,fishing-report.ru,https://fishing-report.ru/40520/,40520,,2023-05-14,Нижний Волхов,B,1,1,,Публичная геометка отчёта fishing-report.ru. нижний Волхов. Открыли сезон. Первый кемпенговый выезд на Волхов -->,,,,Нижний Волхов,1.563,2.316,Река Волхов,
fishing-report-40490,60.11502,32.306801,Карась,fishing-report.ru,https://fishing-report.ru/40490/,40490,,2023-05-13,Новая Ладога / устье Волхова,B,1,1,,Публичная геометка отчёта fishing-report.ru. устьевая зона Новой Ладоги. Новая Ладога. Канал -->,,,,Новая Ладога / устье Волхова,0.803,1.444,Водоём Новоладожский канал,
fishing-report-38126,60.070309,31.382218,Окунь,fishing-report.ru,https://fishing-report.ru/38126/,38126,,2023-03-05,Кобона / южный берег,B,1,1,,Публичная геометка отчёта fishing-report.ru. бухта Петрокрепость. Кобона. 25.02.2023. Неожиданный выход на 7.5 м. Были с женой — «накоротке» — удовольствие получили) всем добра и НХНЧ!!!,,,,Кобона / южный берег,10.336,50.694,бухта Петрокрепость,
fishing-report-37135,60.284315,32.613413,,fishing-report.ru,https://fishing-report.ru/37135/,37135,,2023-01-17,Вороново,B,1,1,,Публичная геометка отчёта fishing-report.ru. Волховская губа.,,,,Вороново,0.691,26.74,Волховская губа,
fishing-report-36310,59.991515,31.421005,,fishing-report.ru,https://fishing-report.ru/36310/,36310,,2023-01-03,Кобона / южный берег,B,1,1,,Публичная геометка отчёта fishing-report.ru. бухта Петрокрепость.,,,,Кобона / южный берег,8.349,50.045,бухта Петрокрепость,
fishing-report-35610,60.285915,32.601296,,fishing-report.ru,https://fishing-report.ru/35610/,35610,,2022-12-07,Вороново,B,1,1,,Публичная геометка отчёта fishing-report.ru. Волховская губа. Отчёт с опозданием Ладога. Вороново.,,,,Вороново,0,26.438,Волховская губа,
fishing-report-32331,60.256104,32.13682,,fishing-report.ru,https://fishing-report.ru/32331/,32331,,2022-06-24,о. Птинов,B,1,1,,Публичная геометка отчёта fishing-report.ru. Волховская губа.,,,,о. Птинов,3.201,19.044,Волховская губа,
fishing-report-29524,60.024603,31.556335,Сорожка; Окунь,fishing-report.ru,https://fishing-report.ru/29524/,29524,,2022-02-26,Кобона / южный берег,B,1,1,,Публичная геометка отчёта fishing-report.ru. южный берег/Петрокрепость; служебное имя водоёма.,,,,Кобона / южный берег,0.696,41.866,Водоём #230553008,
fishing-report-29385,60.248535,32.044871,Щука,fishing-report.ru,https://fishing-report.ru/29385/,29385,,2022-02-21,о. Птинов,B,1,1,,"Публичная геометка отчёта fishing-report.ru. Ладожское озеро. Хорошо вчера отловились в Дубно. 11хвостов, от 7кг до 1кг, клевало до 13.00 пока не начался снег с метелью, рыбалка хорошая но добраться до места, это дорогого стоит ? Предыдущий массив: Дубно — щука (геометка отчёта).",,,,о. Птинов,1.968,21.192,Ладожское озеро,
fishing-report-27999,60.239988,31.705373,,fishing-report.ru,https://fishing-report.ru/27999/,27999,,2022-02-04,Лигово,B,1,1,,Публичная геометка отчёта fishing-report.ru. Ладожское озеро. Ладога неужели обрадовала)),,,,Лигово,4.057,35.909,Ладожское озеро,
fishing-report-25778,59.982424,31.493579,,fishing-report.ru,https://fishing-report.ru/25778/,25778,,2022-01-22,Кобона / южный берег,B,1,1,,"Публичная геометка отчёта fishing-report.ru. бухта Петрокрепость. Ладога, ветерок, но полосатый вяленько берет.",,,,Кобона / южный берег,6.15,46.443,бухта Петрокрепость,
fishing-report-25668,60.018017,31.46597,,fishing-report.ru,https://fishing-report.ru/25668/,25668,,2022-01-19,Кобона / южный берег,B,1,1,,"Публичная геометка отчёта fishing-report.ru. бухта Петрокрепость. Кобона вчера. Лифт с 10.00до 13.00. В остальное время вяло, но приятно.",,,,Кобона / южный берег,4.855,46.928,бухта Петрокрепость,
fishing-report-25501,59.909595,31.478386,,fishing-report.ru,https://fishing-report.ru/25501/,25501,,2022-01-18,Кобона / южный берег,B,1,1,,Публичная геометка отчёта fishing-report.ru. бухта Петрокрепость. Сегодня шальдиха рыбу отпустил,,,,Кобона / южный берег,13.969,50.211,бухта Петрокрепость,
fishing-report-18476,60.453142,32.797262,Щука,fishing-report.ru,https://fishing-report.ru/18476/,18476,,2021-12-14,Свирица / Загубская губа,B,1,1,,Публичная геометка отчёта fishing-report.ru. Загубская губа. Открытие сезона. Жерлицы Щука. https://youtu.be/9yfnDb0FT0c,,,,Свирица / Загубская губа,1.295,47.744,Загубская губа,
fishing-report-14053,60.240732,32.012897,Окунь,fishing-report.ru,https://fishing-report.ru/14053/,14053,,2021-10-14,Дубно,B,1,1,,Публичная геометка отчёта fishing-report.ru. Ладожское озеро. Всем привет! Окушек брал вяло но под вечер разошёлся! 08.10.21г Предыдущий массив: Окунь (геометка отчёта).,,,,Дубно,1.767,21.767,Ладожское озеро,
fishing-report-13972,59.911808,31.395548,Щука,fishing-report.ru,https://fishing-report.ru/13972/,13972,,2021-10-13,Кобона / южный берег,B,1,1,,"Публичная геометка отчёта fishing-report.ru. бухта Петрокрепость. Спасибо Ладога. За последние не очень удачные рыбалки по хищнику, сегодня немного оторвались. И бонус жене дала.",,,,Кобона / южный берег,15.703,54.306,бухта Петрокрепость,
fishing-report-13963,59.969472,31.418269,Окунь,fishing-report.ru,https://fishing-report.ru/13963/,13963,,2021-10-13,Кобона / южный берег,B,1,1,,Публичная геометка отчёта fishing-report.ru. бухта Петрокрепость. Сегодня был первый раз на Ладоге за много лет И по мне так удачно,,,,Кобона / южный берег,9.947,50.872,бухта Петрокрепость,
fishing-report-11593,60.057829,32.339528,,fishing-report.ru,https://fishing-report.ru/11593/,11593,,2021-10-07,Нижний Волхов,B,1,1,,"Публичная геометка отчёта fishing-report.ru. нижний Волхов. Волхов. 4.10.21 рыбка поклевывает, с утра дубак руки замерзают, вода сильно ушла. Взял сколько нужно остальную отпускал.",,,,Нижний Волхов,1.943,5.693,Река Волхов,
fishing-report-10333,59.981464,31.384679,,fishing-report.ru,https://fishing-report.ru/10333/,10333,,2021-09-16,Кобона / южный берег,B,1,1,,Публичная геометка отчёта fishing-report.ru. бухта Петрокрепость.,,,,Кобона / южный берег,10.657,52.287,бухта Петрокрепость,
fishing-report-8997,60.186123,32.193626,,fishing-report.ru,https://fishing-report.ru/8997/,8997,,2021-08-31,Креницы / Волховская губа,B,1,1,,Публичная геометка отчёта fishing-report.ru. Волховская губа. В субботу поехали на базу Креницы. Взяли пелу и в Ладогу. Ловили в заброс. Предыдущий массив: Ловля в заброс (геометка отчёта).,,,,Креницы / Волховская губа,4.681,10.716,Волховская губа,
fishing-report-8392,60.130961,32.330439,Щука,fishing-report.ru,https://fishing-report.ru/8392/,8392,,2021-08-22,Новая Ладога / устье Волхова,B,1,1,,Публичная геометка отчёта fishing-report.ru. Волховская губа. Креницы Предыдущий массив: Щука (геометка отчёта).,,,,Новая Ладога / устье Волхова,1.553,3.642,Волховская губа,
fishing-report-7090,60.055375,32.341373,Лещ,fishing-report.ru,https://fishing-report.ru/7090/,7090,,2021-08-10,Нижний Волхов,A,1,1,,"Публичная геометка отчёта fishing-report.ru. нижний Волхов. Волхвов 2 мая сопа, клевала набегами. Предыдущий массив: Поляша — лещ (точный GPS из отчёта).",,,,Нижний Волхов,2.231,5.983,Река Волхов,
fishing-report-7087,60.283298,32.630563,Плотва,fishing-report.ru,https://fishing-report.ru/7087/,7087,,2021-08-10,Вороново,B,1,1,,"Публичная геометка отчёта fishing-report.ru. нижний Волхов. Волхов для нас с мужем остался непокоренным. В 11 смотали удочки и поехали на канал, он как всегда не подвёл. Фидер, опарыш. Времени потеряли много, но на сковородку наловили, голод утолила женщина ??! Ветер порывистый, рыб клюёт, но на крючок 1/10 попадается, осторожничает! Густера, плотва, размер съедобный!",,,,Вороново,1.639,27.292,Река Волхов,
fishing-report-2368,60.027601,31.509968,Налим,fishing-report.ru,https://fishing-report.ru/2368/,2368,,2021-03-20,Кобона / южный берег,B,1,1,,"Публичная геометка отчёта fishing-report.ru. бухта Петрокрепость. Я сегодня вам принёс не букет из роз мимоз, а букееетик из плоотвыыы. Рванул таки на не самую перспективную, но такую долгожданную рыбалку. В ночь за плотвой. За налимом только мечтаю сходить.. Тем кто не любит читать много букв, можно посмотреть короткое видео об этой рыбалке: https://youtu.be/8dm7EPcLUdo Ни проверенной информации, ни уверенности в успехе мероприятия не было, но было желание побывать в окрестностях Зеленцов, проведать матушку Ладогу. Школьный друг, который постепенно превращается в зимника, но до сих пор ходит с моими снастями и экипировкой, составил мне компанию. Для него это была первая ночная рыбалка на льду. Чуть дубу не дал в ночи, но ему понравилось. Пока ехали, погода шептала, как остановились в Кобоне на берегу, зарядила пурга. Да такая, что видимость упала до мин",,,,Кобона / южный берег,2.24,44.318,бухта Петрокрепость,
fishing-report-2051,60.251624,31.873992,,fishing-report.ru,https://fishing-report.ru/2051/,2051,,2021-02-14,Лигово,B,1,1,,Публичная геометка отчёта fishing-report.ru. Ладожское озеро. Сегодня.Ладога. Мороз.,,,,Лигово,5.382,28.459,Ладожское озеро,
fishing-report-1935,59.90869,31.473646,Окунь,fishing-report.ru,https://fishing-report.ru/1935/,1935,,2021-02-12,Кобона / южный берег,B,1,1,,"Публичная геометка отчёта fishing-report.ru. бухта Петрокрепость. Доброго времени суток, друзья! Сегодня вновь побывал на Южном берегу Ладожского озера, выходил на лёд в районе Верхней Шелудихи с твёрдым намерением ловить далеко от берега и от толпы выходного дня. Вот и ходил, искал. Весь день. А народ в тросте дзюбил. Некоторые как оказалось, очень удачно. Лёд подмерзает, но есть и живые трещины. Берегите себя, не рискуете напрасно, берите пешни, верёвку и спасалки» Полный отчёт с глубинами, приманками и уловом, можно подсмотреть тут: https://youtu.be/KjfPUI0Xhkc Сегодня многие не увидели и поклёвки, но есть и те, кто напорол. Рыба капризная. Погода шик. Как у вас сложился последний выход на лёд?",,,,Кобона / южный берег,14.142,50.493,бухта Петрокрепость,
fishing-report-1931,59.907043,31.467525,Окунь,fishing-report.ru,https://fishing-report.ru/1931/,1931,,2021-02-12,Кобона / южный берег,B,1,1,,"Публичная геометка отчёта fishing-report.ru. бухта Петрокрепость. Всем привет из Санкт-Петербурга и с берега Ладожского озера! На излёте этого непростого года, решил устроить себе нетипичный понедельник. Посетил секретное» место ЮБЛО, на букву Ша. Возможно инфо будет полезна, тем кто ещё хочет успеть наловить на уху С самого начала, отскочил от тростника, но рыбу с помощью балансира и блесны, поймать не смог. Ближе к обеду, пошёл в берег, на грани тросты и открытой воды, качнул пару лунок. Есть пара трещин, но не не опасных, тем не менее, будьте осторожны. Лёд нормальный, отходил не далее 1 км, но были и те, кто ушёл дальше и там сгруппировался. Я к ним не пошёл, но несколько человек из тросты туда рванули, что поймали неизвестно. Окунь пассивный, надо уговаривать. Брал на долгой паузе. Мормышка одна выручила (пчёлка»), пришлось подбирать. Из двух десятк",,,,Кобона / южный берег,14.422,50.88,бухта Петрокрепость,
fishing-report-1122,60.092493,32.306857,Щука,fishing-report.ru,https://fishing-report.ru/1122/,1122,,2021-01-09,Нижний Волхов,B,1,1,,Публичная геометка отчёта fishing-report.ru. нижний Волхов. Поймали на Волхове на Спиннинг),,,,Нижний Волхов,2.426,1.437,Река Волхов,
telegram-24765,60.112347,32.333083,Лещ; Густера; Линь,Telegram: Рыболовная сводка Спб,https://t.me/rybalka_spb_lenoblasti/24765,24765,,2026-06-10,Новая Ладога / устье Волхова,A,1,1,,"Немятово, поплавок и червь; координаты локации опубликованы в тексте поста. Предыдущий массив: Немятово — лещ, густера, линь (точный GPS из отчёта).",,,,Новая Ладога / устье Волхова,0.959,2.37,нижний Волхов / устьевая зона,
telegram-19629,60.112389,32.332962,Щука,Telegram: Рыболовная сводка Спб,https://t.me/rybalka_spb_lenoblasti/19629,19629,,2025-09-20,Новая Ладога / устье Волхова,A,1,1,,Ново-Свирский канал у пересечения с Волховом; координаты локации опубликованы в тексте поста.,,"вертушка, с берега",,Новая Ладога / устье Волхова,0.951,2.366,нижний Волхов / устьевая зона,
telegram-23021,60.121145,32.29689,Плотва,Telegram: Рыболовная сводка Спб,https://t.me/rybalka_spb_lenoblasti/23021,23021,,2026-03-13,Новая Ладога / устье Волхова,A,1,1,,"Креницы, 9 км; координаты опубликованы в тексте поста. Предыдущий массив: Креницы — плотва, 2.3 м (точный GPS из отчёта).",2.3 м,,,Новая Ладога / устье Волхова,1.327,1.945,Ладожское озеро / Креницы,
pkr-water-157,60.27479,32.066842,,ПКР / fisher.spb.ru,https://fisher.spb.ru/news/message-bycatalog.php?category=5&water=157,water-157,,,Варецкие банки,C,1,1,,"Точка каталога района «Варецкие банки». В архиве 116 сообщений; это справочная повторяемость названия, а не 116 GPS-отчётов, поэтому в плотность добавлена одна точка C.",,,,о. Птинов,2.444,22.793,Ладожское озеро,116
pkr-water-161,60.234609,31.983349,,ПКР / fisher.spb.ru,https://fisher.spb.ru/news/message-bycatalog.php?category=5&water=161,water-161,,,Дубно,C,1,1,,"Точка каталога района «Дубно». В архиве 960 сообщений; это справочная повторяемость названия, а не 960 GPS-отчётов, поэтому в плотность добавлена одна точка C.",,,,Дубно,0,22.518,Ладожское озеро,960
pkr-water-166,60.133145,32.284981,,ПКР / fisher.spb.ru,https://fisher.spb.ru/news/message-bycatalog.php?category=5&water=166,water-166,,,Креницы,C,1,1,,"Точка каталога района «Креницы». В архиве 2986 сообщений; это справочная повторяемость названия, а не 2986 GPS-отчётов, поэтому в плотность добавлена одна точка C.",,,,Новая Ладога / устье Волхова,2.569,3.311,Ладожское озеро,2986
pkr-water-172,60.240971,31.778853,,ПКР / fisher.spb.ru,https://fisher.spb.ru/news/message-bycatalog.php?category=5&water=172,water-172,,,Лигово,C,1,1,,"Точка каталога района «Лигово». В архиве 671 сообщений; это справочная повторяемость названия, а не 671 GPS-отчётов, поэтому в плотность добавлена одна точка C.",,,,Лигово,0,32.321,Ладожское озеро,671
pkr-water-175,60.155861,32.337228,,ПКР / fisher.spb.ru,https://fisher.spb.ru/news/message-bycatalog.php?category=5&water=175,water-175,,,Новая Ладога,C,1,1,,"Точка каталога района «Новая Ладога». В архиве 338 сообщений; это справочная повторяемость названия, а не 338 GPS-отчётов, поэтому в плотность добавлена одна точка C.",,,,Креницы / Волховская губа,4.298,6.274,Ладожское озеро,338
pkr-water-176,60.229273,32.085666,,ПКР / fisher.spb.ru,https://fisher.spb.ru/news/message-bycatalog.php?category=5&water=176,water-176,,,о-в Птинов,C,1,1,,"Точка каталога района «о-в Птинов». В архиве 204 сообщений; это справочная повторяемость названия, а не 204 GPS-отчётов, поэтому в плотность добавлена одна точка C.",,,,о. Птинов,2.736,18.103,Ладожское озеро,204
previous-prior-05,60.197533,32.189567,Окунь,Предыдущее исследование,,prior-05,,,Креницы / Волховская губа,A,1,1,,Координата восстановлена из ladoga_points_preliminary.csv предыдущего чата; исходная публичная ссылка в файле не сохранена. Креницы — окунь 18 кг,,,,Креницы / Волховская губа,5.708,11.926,Ладожское озеро / Волховская губа,
previous-prior-06,60.177483,32.252517,Окунь,Предыдущее исследование,,prior-06,,,Креницы / Волховская губа,A,1,1,,Координата восстановлена из ladoga_points_preliminary.csv предыдущего чата; исходная публичная ссылка в файле не сохранена. Креницы — окунь,,,,Креницы / Волховская губа,1.988,8.518,Ладожское озеро / Волховская губа,
previous-prior-07,60.171933,32.27465,Плотва,Предыдущее исследование,,prior-07,,,Креницы / Волховская губа,A,1,1,,Координата восстановлена из ladoga_points_preliminary.csv предыдущего чата; исходная публичная ссылка в файле не сохранена. Креницы — плотва,,,,Креницы / Волховская губа,1.555,7.661,Ладожское озеро / Волховская губа,
previous-prior-08,60.1565,32.278783,Плотва,Предыдущее исследование,,prior-08,,,Креницы / Волховская губа,A,1,1,,Координата восстановлена из ladoga_points_preliminary.csv предыдущего чата; исходная публичная ссылка в файле не сохранена. Креницы — плотва,,,,Креницы / Волховская губа,1.11,5.93,Ладожское озеро / Волховская губа,
previous-prior-09,60.162306,32.292472,Плотва,Предыдущее исследование,,prior-09,,,Креницы / Волховская губа,A,1,1,,Координата восстановлена из ladoga_points_preliminary.csv предыдущего чата; исходная публичная ссылка в файле не сохранена. Креницы — плотва 20 кг,,,,Креницы / Волховская губа,1.815,6.516,Ладожское озеро / Волховская губа,
previous-prior-10,60.207317,32.178383,Плотва,Предыдущее исследование,,prior-10,,,Креницы / Волховская губа,A,1,1,,Координата восстановлена из ladoga_points_preliminary.csv предыдущего чата; исходная публичная ссылка в файле не сохранена. Креницы — плотва ~40 кг,,,,Креницы / Волховская губа,6.931,13.177,Ладожское озеро / Волховская губа,
previous-prior-11,60.217083,32.181783,Плотва,Предыдущее исследование,,prior-11,,,о. Птинов,A,1,1,,Координата восстановлена из ladoga_points_preliminary.csv предыдущего чата; исходная публичная ссылка в файле не сохранена. Креницы — плотва,,,,о. Птинов,6.981,14.052,Ладожское озеро / Волховская губа,
previous-prior-16,60.09417,32.31388,Лещ,Предыдущее исследование,,prior-16,,,Нижний Волхов,A,1,1,,Координата восстановлена из ladoga_points_preliminary.csv предыдущего чата; исходная публичная ссылка в файле не сохранена. Остров Ленина — лещ,,,,Нижний Волхов,2.381,1.531,нижний Волхов,
previous-prior-17,60.082004,32.319865,Линь; Густера; Подлещик,Предыдущее исследование,,prior-17,,,Нижний Волхов,A,1,1,,"Координата восстановлена из ladoga_points_preliminary.csv предыдущего чата; исходная публичная ссылка в файле не сохранена. Юшково — линь, густера, подлещик",,,,Нижний Волхов,1.066,2.808,нижний Волхов,
previous-prior-18,60.077029,32.32236,Лещ; Синец,Предыдущее исследование,,prior-18,,,Нижний Волхов,A,1,1,,"Координата восстановлена из ladoga_points_preliminary.csv предыдущего чата; исходная публичная ссылка в файле не сохранена. Юшково — лещ, синец",,,,Нижний Волхов,0.632,3.358,нижний Волхов,
previous-prior-20,60.052698,32.344409,Лещ; Густера; Линь,Предыдущее исследование,,prior-20,,,Нижний Волхов,A,1,1,,"Координата восстановлена из ladoga_points_preliminary.csv предыдущего чата; исходная публичная ссылка в файле не сохранена. Поляша — лещ, густера, линь",,,,Нижний Волхов,2.559,6.325,нижний Волхов,
previous-prior-21,60.05031,32.344323,Плотва; Язь; Голавль,Предыдущее исследование,,prior-21,,,Нижний Волхов,A,1,1,,"Координата восстановлена из ladoga_points_preliminary.csv предыдущего чата; исходная публичная ссылка в файле не сохранена. Поляша — плотва, язь, голавль",,,,Нижний Волхов,2.816,6.562,нижний Волхов,
previous-prior-22,60.051332,32.344224,Линь; Сом; Лещ,Предыдущее исследование,,prior-22,,,Нижний Волхов,A,1,1,,"Координата восстановлена из ladoga_points_preliminary.csv предыдущего чата; исходная публичная ссылка в файле не сохранена. Поляша — линь, сом / лещ",,,,Нижний Волхов,2.704,6.457,нижний Волхов,
